"postTitle","postDescription","text","likesCount","facebookUrl"
"كي تكون الماكلة سيف فالدامة، لازم تخمم زوج مرات قبل ماتديسيدي كونطر شكون تلعب! بصح في حالتنا اليوم، اللّي جانا مرحبا بيه 😁، قولولنا لوكان انتوما شكون تخيروا؟

 #bimo #بيمو #bimoalgerie #مجمع_بيمو #groupe_bimo #groupebimo #Crox #OBimo",,"اوبيمو ذقتو بصح كروس منعرفوش منريسكيش بلبنة نريسكي بلمعروف 😂😂😂 كيما يقولو المعروفة خير من تالفة 😌","1","https://www.facebook.com/BimoAlgerie/posts/pfbid0aRzZLqjCjhn9grZttKKyaEN9D7xtZo2AjWryRvrcX8M2EiyDGofeiLmGMz1mVZiWl"
"كي تكون الماكلة سيف فالدامة، لازم تخمم زوج مرات قبل ماتديسيدي كونطر شكون تلعب! بصح في حالتنا اليوم، اللّي جانا مرحبا بيه 😁، قولولنا لوكان انتوما شكون تخيروا؟

 #bimo #بيمو #bimoalgerie #مجمع_بيمو #groupe_bimo #groupebimo #Crox #OBimo",,"ارواحلي طابي بصح نا نلعب ببرينو و نتا تلعب بشيكو بش اذا ربحت انا نا نربح شيكو و اذا ربحت نتا تربح برينو (في جميع الحالات رابح) 😉😉😉😉","1","https://www.facebook.com/BimoAlgerie/posts/pfbid0aRzZLqjCjhn9grZttKKyaEN9D7xtZo2AjWryRvrcX8M2EiyDGofeiLmGMz1mVZiWl"
"كي تكون الماكلة سيف فالدامة، لازم تخمم زوج مرات قبل ماتديسيدي كونطر شكون تلعب! بصح في حالتنا اليوم، اللّي جانا مرحبا بيه 😁، قولولنا لوكان انتوما شكون تخيروا؟

 #bimo #بيمو #bimoalgerie #مجمع_بيمو #groupe_bimo #groupebimo #Crox #OBimo",,"قلتها و نعاودها و الله مكان أدمن كيما هاذ لاباج 😂😂😂😂😂🤣😂🤣و بيمو و تحلى الحياة","3","https://www.facebook.com/BimoAlgerie/posts/pfbid0aRzZLqjCjhn9grZttKKyaEN9D7xtZo2AjWryRvrcX8M2EiyDGofeiLmGMz1mVZiWl"
"كي تكون الماكلة سيف فالدامة، لازم تخمم زوج مرات قبل ماتديسيدي كونطر شكون تلعب! بصح في حالتنا اليوم، اللّي جانا مرحبا بيه 😁، قولولنا لوكان انتوما شكون تخيروا؟

 #bimo #بيمو #bimoalgerie #مجمع_بيمو #groupe_bimo #groupebimo #Crox #OBimo",,"U impressed me as always 3ami bimo lmoukh😇 l’essentiel pour moi dima l’équipe Bimo galette ♥️","1","https://www.facebook.com/BimoAlgerie/posts/pfbid0aRzZLqjCjhn9grZttKKyaEN9D7xtZo2AjWryRvrcX8M2EiyDGofeiLmGMz1mVZiWl"
"كي تكون الماكلة سيف فالدامة، لازم تخمم زوج مرات قبل ماتديسيدي كونطر شكون تلعب! بصح في حالتنا اليوم، اللّي جانا مرحبا بيه 😁، قولولنا لوكان انتوما شكون تخيروا؟

 #bimo #بيمو #bimoalgerie #مجمع_بيمو #groupe_bimo #groupebimo #Crox #OBimo",,"و تانغووو وين بيمو وتحلى حياة 😂😂😂😂🤣🤣🤣","2","https://www.facebook.com/BimoAlgerie/posts/pfbid0aRzZLqjCjhn9grZttKKyaEN9D7xtZo2AjWryRvrcX8M2EiyDGofeiLmGMz1mVZiWl"
"كي تكون الماكلة سيف فالدامة، لازم تخمم زوج مرات قبل ماتديسيدي كونطر شكون تلعب! بصح في حالتنا اليوم، اللّي جانا مرحبا بيه 😁، قولولنا لوكان انتوما شكون تخيروا؟

 #bimo #بيمو #bimoalgerie #مجمع_بيمو #groupe_bimo #groupebimo #Crox #OBimo",,"هو يقولي الماكلة سيف و انا نقولو علاه تحلف 🤣","1","https://www.facebook.com/BimoAlgerie/posts/pfbid0aRzZLqjCjhn9grZttKKyaEN9D7xtZo2AjWryRvrcX8M2EiyDGofeiLmGMz1mVZiWl"
"كي تكون الماكلة سيف فالدامة، لازم تخمم زوج مرات قبل ماتديسيدي كونطر شكون تلعب! بصح في حالتنا اليوم، اللّي جانا مرحبا بيه 😁، قولولنا لوكان انتوما شكون تخيروا؟

 #bimo #بيمو #bimoalgerie #مجمع_بيمو #groupe_bimo #groupebimo #Crox #OBimo",,"مانلعبش ههههههع","1","https://www.facebook.com/BimoAlgerie/posts/pfbid0aRzZLqjCjhn9grZttKKyaEN9D7xtZo2AjWryRvrcX8M2EiyDGofeiLmGMz1mVZiWl"
"بزاف حاجات تختلفوا فيها، واليوم رانا جبنالكم اللّيسة وكل واحد يقولنا كيفاش يحب يبنّج منتوجو المفضل🤗 صفرا، حمرا، سودا، بالحليب.... الخ المهم الهدرة فالتعليقات👇😁

 #بيمو #bimo #groupebimo #groupe_bimo #مجمع_بيمو #bimoalgerie #ThisOrThat",,"درت الأجوبة في الورقة بصح ماكاش كومنتس بالصورة 😢","1","https://www.facebook.com/BimoAlgerie/posts/pfbid0aDDTZ8Ra7qVSU7t3ETDLcQLUxjXCXUawp8vkYBEPQJZtY9ZqfMuDYPxgTXrjKd6Yl"
"بزاف حاجات تختلفوا فيها، واليوم رانا جبنالكم اللّيسة وكل واحد يقولنا كيفاش يحب يبنّج منتوجو المفضل🤗 صفرا، حمرا، سودا، بالحليب.... الخ المهم الهدرة فالتعليقات👇😁

 #بيمو #bimo #groupebimo #groupe_bimo #مجمع_بيمو #bimoalgerie #ThisOrThat",,"حقيقة نحب نتشختشخ بالكاطو كاسكروت و نبنج بالدوبل ميكس سيرتو في فواياج طويل هههه و للمخيرة  كي نحب تحلية ناكل تونغو اه يا لوكان ترجعونا قاطو كاين ايجي فيه 12 حبة تاع شيكولاطة نسيت اسمو مي نورمالمو سامبا","1","https://www.facebook.com/BimoAlgerie/posts/pfbid0aDDTZ8Ra7qVSU7t3ETDLcQLUxjXCXUawp8vkYBEPQJZtY9ZqfMuDYPxgTXrjKd6Yl"
"بزاف حاجات تختلفوا فيها، واليوم رانا جبنالكم اللّيسة وكل واحد يقولنا كيفاش يحب يبنّج منتوجو المفضل🤗 صفرا، حمرا، سودا، بالحليب.... الخ المهم الهدرة فالتعليقات👇😁

 #بيمو #bimo #groupebimo #groupe_bimo #مجمع_بيمو #bimoalgerie #ThisOrThat",,"تحلية بلبوتي بيمو بتشكليطة من اونمباسادوور واش نقوللك وتزيد شخشخ بلا ممنساوه فلغيبية","1","https://www.facebook.com/BimoAlgerie/posts/pfbid0aDDTZ8Ra7qVSU7t3ETDLcQLUxjXCXUawp8vkYBEPQJZtY9ZqfMuDYPxgTXrjKd6Yl"
"بزاف حاجات تختلفوا فيها، واليوم رانا جبنالكم اللّيسة وكل واحد يقولنا كيفاش يحب يبنّج منتوجو المفضل🤗 صفرا، حمرا، سودا، بالحليب.... الخ المهم الهدرة فالتعليقات👇😁

 #بيمو #bimo #groupebimo #groupe_bimo #مجمع_بيمو #bimoalgerie #ThisOrThat",,"قاع 🥹🤭🥰","1","https://www.facebook.com/BimoAlgerie/posts/pfbid0aDDTZ8Ra7qVSU7t3ETDLcQLUxjXCXUawp8vkYBEPQJZtY9ZqfMuDYPxgTXrjKd6Yl"
"بزاف حاجات تختلفوا فيها، واليوم رانا جبنالكم اللّيسة وكل واحد يقولنا كيفاش يحب يبنّج منتوجو المفضل🤗 صفرا، حمرا، سودا، بالحليب.... الخ المهم الهدرة فالتعليقات👇😁

 #بيمو #bimo #groupebimo #groupe_bimo #مجمع_بيمو #bimoalgerie #ThisOrThat",,"تشختشيخ صباح و عشية","1","https://www.facebook.com/BimoAlgerie/posts/pfbid0aDDTZ8Ra7qVSU7t3ETDLcQLUxjXCXUawp8vkYBEPQJZtY9ZqfMuDYPxgTXrjKd6Yl"
"بزاف حاجات تختلفوا فيها، واليوم رانا جبنالكم اللّيسة وكل واحد يقولنا كيفاش يحب يبنّج منتوجو المفضل🤗 صفرا، حمرا، سودا، بالحليب.... الخ المهم الهدرة فالتعليقات👇😁

 #بيمو #bimo #groupebimo #groupe_bimo #مجمع_بيمو #bimoalgerie #ThisOrThat",,"ف this و ف that  منا و ملهيه 😉","1","https://www.facebook.com/BimoAlgerie/posts/pfbid0aDDTZ8Ra7qVSU7t3ETDLcQLUxjXCXUawp8vkYBEPQJZtY9ZqfMuDYPxgTXrjKd6Yl"
"بزاف حاجات تختلفوا فيها، واليوم رانا جبنالكم اللّيسة وكل واحد يقولنا كيفاش يحب يبنّج منتوجو المفضل🤗 صفرا، حمرا، سودا، بالحليب.... الخ المهم الهدرة فالتعليقات👇😁

 #بيمو #bimo #groupebimo #groupe_bimo #مجمع_بيمو #bimoalgerie #ThisOrThat",,"Ambassadeur noir macao tea and bimo thats my top three","1","https://www.facebook.com/BimoAlgerie/posts/pfbid0aDDTZ8Ra7qVSU7t3ETDLcQLUxjXCXUawp8vkYBEPQJZtY9ZqfMuDYPxgTXrjKd6Yl"
"بزاف حاجات تختلفوا فيها، واليوم رانا جبنالكم اللّيسة وكل واحد يقولنا كيفاش يحب يبنّج منتوجو المفضل🤗 صفرا، حمرا، سودا، بالحليب.... الخ المهم الهدرة فالتعليقات👇😁

 #بيمو #bimo #groupebimo #groupe_bimo #مجمع_بيمو #bimoalgerie #ThisOrThat",,"Best of pour mon bniwen 😋 Macao pour mon dessert a la fraise 🍓 et la crème chantilly, et ambassadeur noir pour mon fondant au chocolat 🍫 et quand y a rien deux  bimo nlesekhom b confiture et du thé 🍵🫖","1","https://www.facebook.com/BimoAlgerie/posts/pfbid0aDDTZ8Ra7qVSU7t3ETDLcQLUxjXCXUawp8vkYBEPQJZtY9ZqfMuDYPxgTXrjKd6Yl"
"بزاف حاجات تختلفوا فيها، واليوم رانا جبنالكم اللّيسة وكل واحد يقولنا كيفاش يحب يبنّج منتوجو المفضل🤗 صفرا، حمرا، سودا، بالحليب.... الخ المهم الهدرة فالتعليقات👇😁

 #بيمو #bimo #groupebimo #groupe_bimo #مجمع_بيمو #bimoalgerie #ThisOrThat",,"تشختشخ بقهوة حليب و اوباسادور كحلة بيضة ما يهمش","1","https://www.facebook.com/BimoAlgerie/posts/pfbid0aDDTZ8Ra7qVSU7t3ETDLcQLUxjXCXUawp8vkYBEPQJZtY9ZqfMuDYPxgTXrjKd6Yl"
"بزاف حاجات تختلفوا فيها، واليوم رانا جبنالكم اللّيسة وكل واحد يقولنا كيفاش يحب يبنّج منتوجو المفضل🤗 صفرا، حمرا، سودا، بالحليب.... الخ المهم الهدرة فالتعليقات👇😁

 #بيمو #bimo #groupebimo #groupe_bimo #مجمع_بيمو #bimoalgerie #ThisOrThat",,"✅ تغمس …… ✅ تشخشخ 
❌ تخبي شيكولا فالفريجيدار ………✅برا الفريجيدار
✅ بيمو بقهوة حليب …..❌ بلاتاي
❌ تويست حمرا …..❌ صفرا 
❌ امباسادور كحلة …….. ✅ بالحليب
✅تحلية بالماكاو ….. ..❌بالبوتي بيمو
✅ تشخشخ صباح ….✅ لعشية 
❌ باست اوف 36 …..❌اوف كوبيك","2","https://www.facebook.com/BimoAlgerie/posts/pfbid0aDDTZ8Ra7qVSU7t3ETDLcQLUxjXCXUawp8vkYBEPQJZtY9ZqfMuDYPxgTXrjKd6Yl"
"بنّة التشختشيخ باابيزوس وحّدها، بصح باش تفتحو وتسبق فالشوكولا تاني طريقة مجرّبة ومضمونة، شكون دارها فالصغر ومازالو يديرها حتى لليوم 😁؟

 #bimo #بيمو #bimoalgerie #مجمع_بيمو #groupe_bimo #groupebimo",,"تلاقهم مشنفنين و مراطيتهم شوكولا ما نعرف علاش","1","https://www.facebook.com/BimoAlgerie/posts/pfbid02Ntkc3fp8FjXPhsUHHa2VBhWZmqiHzkPnfS3NRppoZG9Rb2ny72vSxXw8EzhKYixil"
"بنّة التشختشيخ باابيزوس وحّدها، بصح باش تفتحو وتسبق فالشوكولا تاني طريقة مجرّبة ومضمونة، شكون دارها فالصغر ومازالو يديرها حتى لليوم 😁؟

 #bimo #بيمو #bimoalgerie #مجمع_بيمو #groupe_bimo #groupebimo",,"omg , i want it so baaad 
leet,s go 🚗","1","https://www.facebook.com/BimoAlgerie/posts/pfbid02Ntkc3fp8FjXPhsUHHa2VBhWZmqiHzkPnfS3NRppoZG9Rb2ny72vSxXw8EzhKYixil"
"بنّة التشختشيخ باابيزوس وحّدها، بصح باش تفتحو وتسبق فالشوكولا تاني طريقة مجرّبة ومضمونة، شكون دارها فالصغر ومازالو يديرها حتى لليوم 😁؟

 #bimo #بيمو #bimoalgerie #مجمع_بيمو #groupe_bimo #groupebimo",,"ولادي ياكلو الشوكولا و يخلولي القاطو نتشخشخو 🤭🤭","1","https://www.facebook.com/BimoAlgerie/posts/pfbid02Ntkc3fp8FjXPhsUHHa2VBhWZmqiHzkPnfS3NRppoZG9Rb2ny72vSxXw8EzhKYixil"
"بنّة التشختشيخ باابيزوس وحّدها، بصح باش تفتحو وتسبق فالشوكولا تاني طريقة مجرّبة ومضمونة، شكون دارها فالصغر ومازالو يديرها حتى لليوم 😁؟

 #bimo #بيمو #bimoalgerie #مجمع_بيمو #groupe_bimo #groupebimo",,"رجعوهم يضحكو بطلت منشريهش علاجل تشناف واحد يصبح طافي ويزيد يصبح على واحد مشنف اموا يضحك باه يطلع مورال","2","https://www.facebook.com/BimoAlgerie/posts/pfbid02Ntkc3fp8FjXPhsUHHa2VBhWZmqiHzkPnfS3NRppoZG9Rb2ny72vSxXw8EzhKYixil"
"بنّة التشختشيخ باابيزوس وحّدها، بصح باش تفتحو وتسبق فالشوكولا تاني طريقة مجرّبة ومضمونة، شكون دارها فالصغر ومازالو يديرها حتى لليوم 😁؟

 #bimo #بيمو #bimoalgerie #مجمع_بيمو #groupe_bimo #groupebimo",,"طاقيتكم فبوسط تاع كوول بش ندير شوية نميمة علاه مريبونديتوش ( ادمن نعرفك تحب الخرجات)","1","https://www.facebook.com/BimoAlgerie/posts/pfbid02Ntkc3fp8FjXPhsUHHa2VBhWZmqiHzkPnfS3NRppoZG9Rb2ny72vSxXw8EzhKYixil"
"بنّة التشختشيخ باابيزوس وحّدها، بصح باش تفتحو وتسبق فالشوكولا تاني طريقة مجرّبة ومضمونة، شكون دارها فالصغر ومازالو يديرها حتى لليوم 😁؟

 #bimo #بيمو #bimoalgerie #مجمع_بيمو #groupe_bimo #groupebimo",,"Groupe Bimo Algérie 
بصح الأكثرية نلقاهم مشنفين
Haithem Banna ولا وش قالوا؟","2","https://www.facebook.com/BimoAlgerie/posts/pfbid02Ntkc3fp8FjXPhsUHHa2VBhWZmqiHzkPnfS3NRppoZG9Rb2ny72vSxXw8EzhKYixil"
"بنّة التشختشيخ باابيزوس وحّدها، بصح باش تفتحو وتسبق فالشوكولا تاني طريقة مجرّبة ومضمونة، شكون دارها فالصغر ومازالو يديرها حتى لليوم 😁؟

 #bimo #بيمو #bimoalgerie #مجمع_بيمو #groupe_bimo #groupebimo",,"❤️","1","https://www.facebook.com/BimoAlgerie/posts/pfbid02Ntkc3fp8FjXPhsUHHa2VBhWZmqiHzkPnfS3NRppoZG9Rb2ny72vSxXw8EzhKYixil"
"بنّة التشختشيخ باابيزوس وحّدها، بصح باش تفتحو وتسبق فالشوكولا تاني طريقة مجرّبة ومضمونة، شكون دارها فالصغر ومازالو يديرها حتى لليوم 😁؟

 #bimo #بيمو #bimoalgerie #مجمع_بيمو #groupe_bimo #groupebimo",,"Groupe Bimo Algérie الافضل بالنسبة ليا وخاصة ذوق شكولاطة","1","https://www.facebook.com/BimoAlgerie/posts/pfbid02Ntkc3fp8FjXPhsUHHa2VBhWZmqiHzkPnfS3NRppoZG9Rb2ny72vSxXw8EzhKYixil"
"بنّة التشختشيخ باابيزوس وحّدها، بصح باش تفتحو وتسبق فالشوكولا تاني طريقة مجرّبة ومضمونة، شكون دارها فالصغر ومازالو يديرها حتى لليوم 😁؟

 #bimo #بيمو #bimoalgerie #مجمع_بيمو #groupe_bimo #groupebimo",,"كنت ناكل غير الشيكولا ونخلي الڤاطو 🙂✨","1","https://www.facebook.com/BimoAlgerie/posts/pfbid02Ntkc3fp8FjXPhsUHHa2VBhWZmqiHzkPnfS3NRppoZG9Rb2ny72vSxXw8EzhKYixil"
"بنّة التشختشيخ باابيزوس وحّدها، بصح باش تفتحو وتسبق فالشوكولا تاني طريقة مجرّبة ومضمونة، شكون دارها فالصغر ومازالو يديرها حتى لليوم 😁؟

 #bimo #بيمو #bimoalgerie #مجمع_بيمو #groupe_bimo #groupebimo",,"هل هناك اختلاف في الادواق فيما يخص بسكويت بيمو الأسطوري الأخضر والأزرق والأحمر ام هي مجرد ألوان 
تحياتي","0","https://www.facebook.com/BimoAlgerie/posts/pfbid02Ntkc3fp8FjXPhsUHHa2VBhWZmqiHzkPnfS3NRppoZG9Rb2ny72vSxXw8EzhKYixil"
"وصلنا لنهاية مسابقة بيمو الصيفيّة 🏖، شكرا لكل اللّي شاركوا معانا ومبروك على كل الفائزين ومعاهم فائزيّ الأسبوع الرابع:
1- fideledoc مظلّة
2- lea.lili27  علبة التبريد 
3- salihadjinane كيس حافظ للحرارة ومضرب تنس 

الى الملتقى في مسابقات أخرى ان شاء الله 🤗.

 #bimo #بيمو #bimoalgerie #مجمع_بيمو #groupe_bimo #groupebimo",,"مبروووك","1","https://www.facebook.com/BimoAlgerie/posts/pfbid02pb9GciKZZHMc2ArY4mTpfWG2HNprtEjJe8Nha7zxQJcyA2uAAAT4CggKKc5bKsLXl"
"وصلنا لنهاية مسابقة بيمو الصيفيّة 🏖، شكرا لكل اللّي شاركوا معانا ومبروك على كل الفائزين ومعاهم فائزيّ الأسبوع الرابع:
1- fideledoc مظلّة
2- lea.lili27  علبة التبريد 
3- salihadjinane كيس حافظ للحرارة ومضرب تنس 

الى الملتقى في مسابقات أخرى ان شاء الله 🤗.

 #bimo #بيمو #bimoalgerie #مجمع_بيمو #groupe_bimo #groupebimo",,"Félicitations","1","https://www.facebook.com/BimoAlgerie/posts/pfbid02pb9GciKZZHMc2ArY4mTpfWG2HNprtEjJe8Nha7zxQJcyA2uAAAT4CggKKc5bKsLXl"
"وصلنا لنهاية مسابقة بيمو الصيفيّة 🏖، شكرا لكل اللّي شاركوا معانا ومبروك على كل الفائزين ومعاهم فائزيّ الأسبوع الرابع:
1- fideledoc مظلّة
2- lea.lili27  علبة التبريد 
3- salihadjinane كيس حافظ للحرارة ومضرب تنس 

الى الملتقى في مسابقات أخرى ان شاء الله 🤗.

 #bimo #بيمو #bimoalgerie #مجمع_بيمو #groupe_bimo #groupebimo",,"مبروك عليهم","2","https://www.facebook.com/BimoAlgerie/posts/pfbid02pb9GciKZZHMc2ArY4mTpfWG2HNprtEjJe8Nha7zxQJcyA2uAAAT4CggKKc5bKsLXl"
"وصلنا لنهاية مسابقة بيمو الصيفيّة 🏖، شكرا لكل اللّي شاركوا معانا ومبروك على كل الفائزين ومعاهم فائزيّ الأسبوع الرابع:
1- fideledoc مظلّة
2- lea.lili27  علبة التبريد 
3- salihadjinane كيس حافظ للحرارة ومضرب تنس 

الى الملتقى في مسابقات أخرى ان شاء الله 🤗.

 #bimo #بيمو #bimoalgerie #مجمع_بيمو #groupe_bimo #groupebimo",,"مبروك","1","https://www.facebook.com/BimoAlgerie/posts/pfbid02pb9GciKZZHMc2ArY4mTpfWG2HNprtEjJe8Nha7zxQJcyA2uAAAT4CggKKc5bKsLXl"
"وصلنا لنهاية مسابقة بيمو الصيفيّة 🏖، شكرا لكل اللّي شاركوا معانا ومبروك على كل الفائزين ومعاهم فائزيّ الأسبوع الرابع:
1- fideledoc مظلّة
2- lea.lili27  علبة التبريد 
3- salihadjinane كيس حافظ للحرارة ومضرب تنس 

الى الملتقى في مسابقات أخرى ان شاء الله 🤗.

 #bimo #بيمو #bimoalgerie #مجمع_بيمو #groupe_bimo #groupebimo",,"مكان زهر معاكم الله غالب","2","https://www.facebook.com/BimoAlgerie/posts/pfbid02pb9GciKZZHMc2ArY4mTpfWG2HNprtEjJe8Nha7zxQJcyA2uAAAT4CggKKc5bKsLXl"
"وصلنا لنهاية مسابقة بيمو الصيفيّة 🏖، شكرا لكل اللّي شاركوا معانا ومبروك على كل الفائزين ومعاهم فائزيّ الأسبوع الرابع:
1- fideledoc مظلّة
2- lea.lili27  علبة التبريد 
3- salihadjinane كيس حافظ للحرارة ومضرب تنس 

الى الملتقى في مسابقات أخرى ان شاء الله 🤗.

 #bimo #بيمو #bimoalgerie #مجمع_بيمو #groupe_bimo #groupebimo",,"Mabroook","1","https://www.facebook.com/BimoAlgerie/posts/pfbid02pb9GciKZZHMc2ArY4mTpfWG2HNprtEjJe8Nha7zxQJcyA2uAAAT4CggKKc5bKsLXl"
"وصلنا لنهاية مسابقة بيمو الصيفيّة 🏖، شكرا لكل اللّي شاركوا معانا ومبروك على كل الفائزين ومعاهم فائزيّ الأسبوع الرابع:
1- fideledoc مظلّة
2- lea.lili27  علبة التبريد 
3- salihadjinane كيس حافظ للحرارة ومضرب تنس 

الى الملتقى في مسابقات أخرى ان شاء الله 🤗.

 #bimo #بيمو #bimoalgerie #مجمع_بيمو #groupe_bimo #groupebimo",,"مبروك عليهم","1","https://www.facebook.com/BimoAlgerie/posts/pfbid02pb9GciKZZHMc2ArY4mTpfWG2HNprtEjJe8Nha7zxQJcyA2uAAAT4CggKKc5bKsLXl"
"وصلنا لنهاية مسابقة بيمو الصيفيّة 🏖، شكرا لكل اللّي شاركوا معانا ومبروك على كل الفائزين ومعاهم فائزيّ الأسبوع الرابع:
1- fideledoc مظلّة
2- lea.lili27  علبة التبريد 
3- salihadjinane كيس حافظ للحرارة ومضرب تنس 

الى الملتقى في مسابقات أخرى ان شاء الله 🤗.

 #bimo #بيمو #bimoalgerie #مجمع_بيمو #groupe_bimo #groupebimo",,"مبروك عليهم","1","https://www.facebook.com/BimoAlgerie/posts/pfbid02pb9GciKZZHMc2ArY4mTpfWG2HNprtEjJe8Nha7zxQJcyA2uAAAT4CggKKc5bKsLXl"
"وصلنا لنهاية مسابقة بيمو الصيفيّة 🏖، شكرا لكل اللّي شاركوا معانا ومبروك على كل الفائزين ومعاهم فائزيّ الأسبوع الرابع:
1- fideledoc مظلّة
2- lea.lili27  علبة التبريد 
3- salihadjinane كيس حافظ للحرارة ومضرب تنس 

الى الملتقى في مسابقات أخرى ان شاء الله 🤗.

 #bimo #بيمو #bimoalgerie #مجمع_بيمو #groupe_bimo #groupebimo",,"😞","0","https://www.facebook.com/BimoAlgerie/posts/pfbid02pb9GciKZZHMc2ArY4mTpfWG2HNprtEjJe8Nha7zxQJcyA2uAAAT4CggKKc5bKsLXl"
"وصلنا لنهاية مسابقة بيمو الصيفيّة 🏖، شكرا لكل اللّي شاركوا معانا ومبروك على كل الفائزين ومعاهم فائزيّ الأسبوع الرابع:
1- fideledoc مظلّة
2- lea.lili27  علبة التبريد 
3- salihadjinane كيس حافظ للحرارة ومضرب تنس 

الى الملتقى في مسابقات أخرى ان شاء الله 🤗.

 #bimo #بيمو #bimoalgerie #مجمع_بيمو #groupe_bimo #groupebimo",,"Felicitation","2","https://www.facebook.com/BimoAlgerie/posts/pfbid02pb9GciKZZHMc2ArY4mTpfWG2HNprtEjJe8Nha7zxQJcyA2uAAAT4CggKKc5bKsLXl"
"هاداك اللّي يصحّلو يجيب التبناج، علابالو بلّي هاذي مهمة صعبة وتحدّد مصير القعدة، تسمى غير عمّر الساكادو بمنتجات بيمو وكونك هاني 😁👌.

 #بيمو #bimo #groupebimo #groupe_bimo #مجمع_بيمو #bimoalgerie",,"القعدة لي ما فيهاش طونغو، ماشي قاع قعدة","5","https://www.facebook.com/BimoAlgerie/posts/pfbid0i6b2juFi8XprLpTHJLXv8doTsLeBgKwberKfQds29vGSNqGV1dztSUs9cDdH7Nigl"
"هاداك اللّي يصحّلو يجيب التبناج، علابالو بلّي هاذي مهمة صعبة وتحدّد مصير القعدة، تسمى غير عمّر الساكادو بمنتجات بيمو وكونك هاني 😁👌.

 #بيمو #bimo #groupebimo #groupe_bimo #مجمع_بيمو #bimoalgerie",,"منوجات بيمو وتحلى الحياة 👍🌹👍🌹👍🌹به نحلو اللمة🌹","1","https://www.facebook.com/BimoAlgerie/posts/pfbid0i6b2juFi8XprLpTHJLXv8doTsLeBgKwberKfQds29vGSNqGV1dztSUs9cDdH7Nigl"
"هاداك اللّي يصحّلو يجيب التبناج، علابالو بلّي هاذي مهمة صعبة وتحدّد مصير القعدة، تسمى غير عمّر الساكادو بمنتجات بيمو وكونك هاني 😁👌.

 #بيمو #bimo #groupebimo #groupe_bimo #مجمع_بيمو #bimoalgerie",,"نقصوا السكر من فضلكم في منتجاتكم لكي تبقى الأفضل","2","https://www.facebook.com/BimoAlgerie/posts/pfbid0i6b2juFi8XprLpTHJLXv8doTsLeBgKwberKfQds29vGSNqGV1dztSUs9cDdH7Nigl"
"هاداك اللّي يصحّلو يجيب التبناج، علابالو بلّي هاذي مهمة صعبة وتحدّد مصير القعدة، تسمى غير عمّر الساكادو بمنتجات بيمو وكونك هاني 😁👌.

 #بيمو #bimo #groupebimo #groupe_bimo #مجمع_بيمو #bimoalgerie",,"Haithem Banna 
جيب طونقو المرة الجاية
Groupe Bimo Algérie 
قولو قولو مبغاش يسمعلي الكلام","2","https://www.facebook.com/BimoAlgerie/posts/pfbid0i6b2juFi8XprLpTHJLXv8doTsLeBgKwberKfQds29vGSNqGV1dztSUs9cDdH7Nigl"
"هاداك اللّي يصحّلو يجيب التبناج، علابالو بلّي هاذي مهمة صعبة وتحدّد مصير القعدة، تسمى غير عمّر الساكادو بمنتجات بيمو وكونك هاني 😁👌.

 #بيمو #bimo #groupebimo #groupe_bimo #مجمع_بيمو #bimoalgerie",,"كلما يقولي الزوج جيب معاك كاش حاجة حلوة نقولو ملقيتش والو لقيت غير بيمو","1","https://www.facebook.com/BimoAlgerie/posts/pfbid0i6b2juFi8XprLpTHJLXv8doTsLeBgKwberKfQds29vGSNqGV1dztSUs9cDdH7Nigl"
"هاداك اللّي يصحّلو يجيب التبناج، علابالو بلّي هاذي مهمة صعبة وتحدّد مصير القعدة، تسمى غير عمّر الساكادو بمنتجات بيمو وكونك هاني 😁👌.

 #بيمو #bimo #groupebimo #groupe_bimo #مجمع_بيمو #bimoalgerie",,"Dir les glaces wa khalina nabardou","1","https://www.facebook.com/BimoAlgerie/posts/pfbid0i6b2juFi8XprLpTHJLXv8doTsLeBgKwberKfQds29vGSNqGV1dztSUs9cDdH7Nigl"
"هاداك اللّي يصحّلو يجيب التبناج، علابالو بلّي هاذي مهمة صعبة وتحدّد مصير القعدة، تسمى غير عمّر الساكادو بمنتجات بيمو وكونك هاني 😁👌.

 #بيمو #bimo #groupebimo #groupe_bimo #مجمع_بيمو #bimoalgerie",,"ڨلنا بلا بيمو متحلاش","1","https://www.facebook.com/BimoAlgerie/posts/pfbid0i6b2juFi8XprLpTHJLXv8doTsLeBgKwberKfQds29vGSNqGV1dztSUs9cDdH7Nigl"
"هاداك اللّي يصحّلو يجيب التبناج، علابالو بلّي هاذي مهمة صعبة وتحدّد مصير القعدة، تسمى غير عمّر الساكادو بمنتجات بيمو وكونك هاني 😁👌.

 #بيمو #bimo #groupebimo #groupe_bimo #مجمع_بيمو #bimoalgerie",,"4chico معا الجماعة راك مريض نتا وقيل هذاك ليا وحدي حبيبي لا أشاركه مع أحد","2","https://www.facebook.com/BimoAlgerie/posts/pfbid0i6b2juFi8XprLpTHJLXv8doTsLeBgKwberKfQds29vGSNqGV1dztSUs9cDdH7Nigl"
"هاداك اللّي يصحّلو يجيب التبناج، علابالو بلّي هاذي مهمة صعبة وتحدّد مصير القعدة، تسمى غير عمّر الساكادو بمنتجات بيمو وكونك هاني 😁👌.

 #بيمو #bimo #groupebimo #groupe_bimo #مجمع_بيمو #bimoalgerie",,"كملولنا سلسلة لغز الجريمة 
غير بيمو لي بقى عايش الواقع صح العلامات الاخرى راهي فالخيال 
ياحسراه كنا نبعثو واحد يشريلنا التبناج فالراحة ونستناو بفارغ الصبر اذا نجح فالمهمة ولا لالا","1","https://www.facebook.com/BimoAlgerie/posts/pfbid0i6b2juFi8XprLpTHJLXv8doTsLeBgKwberKfQds29vGSNqGV1dztSUs9cDdH7Nigl"
"هاداك اللّي يصحّلو يجيب التبناج، علابالو بلّي هاذي مهمة صعبة وتحدّد مصير القعدة، تسمى غير عمّر الساكادو بمنتجات بيمو وكونك هاني 😁👌.

 #بيمو #bimo #groupebimo #groupe_bimo #مجمع_بيمو #bimoalgerie",,"♥️♥️♥️","1","https://www.facebook.com/BimoAlgerie/posts/pfbid0i6b2juFi8XprLpTHJLXv8doTsLeBgKwberKfQds29vGSNqGV1dztSUs9cDdH7Nigl"
"بين لمجة ولمجة تتبدل القعدة والحطة😍بصح باسط اوف بيمو ڨوفريط الشوكولا المڨرمش، راح يصنع الفرق في صيفكم🤗 حقا.... راكوا تدوه معاكم للبحر ولا لالا🤔. 

 #بيمو #bimo #groupebimo #groupe_bimo #مجمع_بيمو #bimoalgerie #BestOfBimo",,"صح باسط اووف هههههه ضحكتني باسط اووف","1","https://www.facebook.com/BimoAlgerie/posts/pfbid0GQdj8uQUP9NWzuufQwi3tR1fu2Yswn1eUhiDYZgGWNRwYEQWzWBDYLwZzVhF3T2fl"
"بين لمجة ولمجة تتبدل القعدة والحطة😍بصح باسط اوف بيمو ڨوفريط الشوكولا المڨرمش، راح يصنع الفرق في صيفكم🤗 حقا.... راكوا تدوه معاكم للبحر ولا لالا🤔. 

 #بيمو #bimo #groupebimo #groupe_bimo #مجمع_بيمو #bimoalgerie #BestOfBimo",,"بيمو البنة والهمة😘🥰👍","1","https://www.facebook.com/BimoAlgerie/posts/pfbid0GQdj8uQUP9NWzuufQwi3tR1fu2Yswn1eUhiDYZgGWNRwYEQWzWBDYLwZzVhF3T2fl"
"بين لمجة ولمجة تتبدل القعدة والحطة😍بصح باسط اوف بيمو ڨوفريط الشوكولا المڨرمش، راح يصنع الفرق في صيفكم🤗 حقا.... راكوا تدوه معاكم للبحر ولا لالا🤔. 

 #بيمو #bimo #groupebimo #groupe_bimo #مجمع_بيمو #bimoalgerie #BestOfBimo",,"سومة يا لبيمو 
راك شيكور ف L'ALGÉRIE  نورمالمو  سومتك تبقا هي الأفضل معندكش منافس","1","https://www.facebook.com/BimoAlgerie/posts/pfbid0GQdj8uQUP9NWzuufQwi3tR1fu2Yswn1eUhiDYZgGWNRwYEQWzWBDYLwZzVhF3T2fl"
"بين لمجة ولمجة تتبدل القعدة والحطة😍بصح باسط اوف بيمو ڨوفريط الشوكولا المڨرمش، راح يصنع الفرق في صيفكم🤗 حقا.... راكوا تدوه معاكم للبحر ولا لالا🤔. 

 #بيمو #bimo #groupebimo #groupe_bimo #مجمع_بيمو #bimoalgerie #BestOfBimo",,"Toujours  le goût original","1","https://www.facebook.com/BimoAlgerie/posts/pfbid0GQdj8uQUP9NWzuufQwi3tR1fu2Yswn1eUhiDYZgGWNRwYEQWzWBDYLwZzVhF3T2fl"
"بين لمجة ولمجة تتبدل القعدة والحطة😍بصح باسط اوف بيمو ڨوفريط الشوكولا المڨرمش، راح يصنع الفرق في صيفكم🤗 حقا.... راكوا تدوه معاكم للبحر ولا لالا🤔. 

 #بيمو #bimo #groupebimo #groupe_bimo #مجمع_بيمو #bimoalgerie #BestOfBimo",,"انا نخدم فيه . يعجبني غير كي ناكلو برا . هه طيح فيه بنة شغل جامي شفتو قدامي","1","https://www.facebook.com/BimoAlgerie/posts/pfbid0GQdj8uQUP9NWzuufQwi3tR1fu2Yswn1eUhiDYZgGWNRwYEQWzWBDYLwZzVhF3T2fl"
"بين لمجة ولمجة تتبدل القعدة والحطة😍بصح باسط اوف بيمو ڨوفريط الشوكولا المڨرمش، راح يصنع الفرق في صيفكم🤗 حقا.... راكوا تدوه معاكم للبحر ولا لالا🤔. 

 #بيمو #bimo #groupebimo #groupe_bimo #مجمع_بيمو #bimoalgerie #BestOfBimo",,"C'est mon préféré ❤️❤️❤️❤️","1","https://www.facebook.com/BimoAlgerie/posts/pfbid0GQdj8uQUP9NWzuufQwi3tR1fu2Yswn1eUhiDYZgGWNRwYEQWzWBDYLwZzVhF3T2fl"
"بين لمجة ولمجة تتبدل القعدة والحطة😍بصح باسط اوف بيمو ڨوفريط الشوكولا المڨرمش، راح يصنع الفرق في صيفكم🤗 حقا.... راكوا تدوه معاكم للبحر ولا لالا🤔. 

 #بيمو #bimo #groupebimo #groupe_bimo #مجمع_بيمو #bimoalgerie #BestOfBimo",,"The best of the best 😍😍😍 c'est mon préféré","1","https://www.facebook.com/BimoAlgerie/posts/pfbid0GQdj8uQUP9NWzuufQwi3tR1fu2Yswn1eUhiDYZgGWNRwYEQWzWBDYLwZzVhF3T2fl"
"بين لمجة ولمجة تتبدل القعدة والحطة😍بصح باسط اوف بيمو ڨوفريط الشوكولا المڨرمش، راح يصنع الفرق في صيفكم🤗 حقا.... راكوا تدوه معاكم للبحر ولا لالا🤔. 

 #بيمو #bimo #groupebimo #groupe_bimo #مجمع_بيمو #bimoalgerie #BestOfBimo",,"بيمو حبيت نقتارح عليكم تخدمولنا ڨوفريط بذوق البندق","0","https://www.facebook.com/BimoAlgerie/posts/pfbid0GQdj8uQUP9NWzuufQwi3tR1fu2Yswn1eUhiDYZgGWNRwYEQWzWBDYLwZzVhF3T2fl"
"بين لمجة ولمجة تتبدل القعدة والحطة😍بصح باسط اوف بيمو ڨوفريط الشوكولا المڨرمش، راح يصنع الفرق في صيفكم🤗 حقا.... راكوا تدوه معاكم للبحر ولا لالا🤔. 

 #بيمو #bimo #groupebimo #groupe_bimo #مجمع_بيمو #bimoalgerie #BestOfBimo",,"يجيفك مع سخانة 😅😅","1","https://www.facebook.com/BimoAlgerie/posts/pfbid0GQdj8uQUP9NWzuufQwi3tR1fu2Yswn1eUhiDYZgGWNRwYEQWzWBDYLwZzVhF3T2fl"
"بين لمجة ولمجة تتبدل القعدة والحطة😍بصح باسط اوف بيمو ڨوفريط الشوكولا المڨرمش، راح يصنع الفرق في صيفكم🤗 حقا.... راكوا تدوه معاكم للبحر ولا لالا🤔. 

 #بيمو #bimo #groupebimo #groupe_bimo #مجمع_بيمو #bimoalgerie #BestOfBimo",,"كي نلقاوه من بعد ساهل ما راهش متوفر فالسوق","0","https://www.facebook.com/BimoAlgerie/posts/pfbid0GQdj8uQUP9NWzuufQwi3tR1fu2Yswn1eUhiDYZgGWNRwYEQWzWBDYLwZzVhF3T2fl"
"علابالنا بزاف يديروها، وعلابالنا تاني بلي بزاااااف غافلين على هاذي ✨التحفة✨،هذا الصيف اسمحوا في الريجيم، جربوها وشوفوا واش راكم تراطيو 🤌🏻🙂‍↕.

 #bimo #بيمو #bimoalgerie #مجمع_بيمو #groupe_bimo #groupebimo",,"ديرونا منتج صحي please...بسكر التمر والزبدة الحقيقية والطحين الكامل 🥺🥺🥺 الواحد لازم ياكل صحي 💔","1","https://www.facebook.com/BimoAlgerie/posts/pfbid0XoeNL7sbfMvsZMkmdb9TzfoDAXXgMbc5UvcHAZgbLoHkPEPaWoRCH6NcKEpUNdvXl"
"علابالنا بزاف يديروها، وعلابالنا تاني بلي بزاااااف غافلين على هاذي ✨التحفة✨،هذا الصيف اسمحوا في الريجيم، جربوها وشوفوا واش راكم تراطيو 🤌🏻🙂‍↕.

 #bimo #بيمو #bimoalgerie #مجمع_بيمو #groupe_bimo #groupebimo",,"يا بيمو انعل الشيطان مسمن بعدا . شيكولا تجي مع البسكوت المحلاة بكريمة البندق","1","https://www.facebook.com/BimoAlgerie/posts/pfbid0XoeNL7sbfMvsZMkmdb9TzfoDAXXgMbc5UvcHAZgbLoHkPEPaWoRCH6NcKEpUNdvXl"
"علابالنا بزاف يديروها، وعلابالنا تاني بلي بزاااااف غافلين على هاذي ✨التحفة✨،هذا الصيف اسمحوا في الريجيم، جربوها وشوفوا واش راكم تراطيو 🤌🏻🙂‍↕.

 #bimo #بيمو #bimoalgerie #مجمع_بيمو #groupe_bimo #groupebimo",,"يا بيمو نحبكم بصح المسمن ما نقدرش نيماجيه مع حاجة منغير العسيلة😂","1","https://www.facebook.com/BimoAlgerie/posts/pfbid0XoeNL7sbfMvsZMkmdb9TzfoDAXXgMbc5UvcHAZgbLoHkPEPaWoRCH6NcKEpUNdvXl"
"علابالنا بزاف يديروها، وعلابالنا تاني بلي بزاااااف غافلين على هاذي ✨التحفة✨،هذا الصيف اسمحوا في الريجيم، جربوها وشوفوا واش راكم تراطيو 🤌🏻🙂‍↕.

 #bimo #بيمو #bimoalgerie #مجمع_بيمو #groupe_bimo #groupebimo",,"Haithem Banna 
كي نديروا","1","https://www.facebook.com/BimoAlgerie/posts/pfbid0XoeNL7sbfMvsZMkmdb9TzfoDAXXgMbc5UvcHAZgbLoHkPEPaWoRCH6NcKEpUNdvXl"
"علابالنا بزاف يديروها، وعلابالنا تاني بلي بزاااااف غافلين على هاذي ✨التحفة✨،هذا الصيف اسمحوا في الريجيم، جربوها وشوفوا واش راكم تراطيو 🤌🏻🙂‍↕.

 #bimo #بيمو #bimoalgerie #مجمع_بيمو #groupe_bimo #groupebimo",,"Yjiiii bniiiiin mwlfa ndiro 😂😂😍😍😍","1","https://www.facebook.com/BimoAlgerie/posts/pfbid0XoeNL7sbfMvsZMkmdb9TzfoDAXXgMbc5UvcHAZgbLoHkPEPaWoRCH6NcKEpUNdvXl"
"علابالنا بزاف يديروها، وعلابالنا تاني بلي بزاااااف غافلين على هاذي ✨التحفة✨،هذا الصيف اسمحوا في الريجيم، جربوها وشوفوا واش راكم تراطيو 🤌🏻🙂‍↕.

 #bimo #بيمو #bimoalgerie #مجمع_بيمو #groupe_bimo #groupebimo",,"يترولا بالحلاوة وحدو كي تكملو تقدر تغلب حومة كامل","1","https://www.facebook.com/BimoAlgerie/posts/pfbid0XoeNL7sbfMvsZMkmdb9TzfoDAXXgMbc5UvcHAZgbLoHkPEPaWoRCH6NcKEpUNdvXl"
"علابالنا بزاف يديروها، وعلابالنا تاني بلي بزاااااف غافلين على هاذي ✨التحفة✨،هذا الصيف اسمحوا في الريجيم، جربوها وشوفوا واش راكم تراطيو 🤌🏻🙂‍↕.

 #bimo #بيمو #bimoalgerie #مجمع_بيمو #groupe_bimo #groupebimo",,"هكدا بداو الازمات الدبلوماسيه درك لمسمن vs كراب 🫠","1","https://www.facebook.com/BimoAlgerie/posts/pfbid0XoeNL7sbfMvsZMkmdb9TzfoDAXXgMbc5UvcHAZgbLoHkPEPaWoRCH6NcKEpUNdvXl"
"علابالنا بزاف يديروها، وعلابالنا تاني بلي بزاااااف غافلين على هاذي ✨التحفة✨،هذا الصيف اسمحوا في الريجيم، جربوها وشوفوا واش راكم تراطيو 🤌🏻🙂‍↕.

 #bimo #بيمو #bimoalgerie #مجمع_بيمو #groupe_bimo #groupebimo",,"Mimishka Foushka yadra?","1","https://www.facebook.com/BimoAlgerie/posts/pfbid0XoeNL7sbfMvsZMkmdb9TzfoDAXXgMbc5UvcHAZgbLoHkPEPaWoRCH6NcKEpUNdvXl"
"اتخيلوا معانا شوية.... رانا في أوت 2005 🥵 راهي الزوج تاع لعشية، الحالة تصفّر وواحد ماكاين برا، ومن كل دار تسمع نفس صوت المسلسل والغاشي نصو مغاشي😴 وانت راك تستنى الربعة تلحق باش تشختشخ 😭، اللّي عاش الحالة يقولنا واشمن مسلسل كان داير حالة هاذاك الوقت و يحكيلنا شوية عالقيلولة فورسي🤣.

 #bimo #بيمو #bimoalgerie #مجمع_بيمو #groupe_bimo #groupebimo",,"كاسيلدا 😂 ، نورا و أرتورو ، معمر قتيلة فاللخر، باولينا راحت خسارة .","2","https://www.facebook.com/BimoAlgerie/posts/pfbid0fEG4jEnxDuXWTxR5XstZnq11TsR1oWHxFaN8BQTAYr1ZeBAUcpr8sxi7hfaU2z6ml"
"اتخيلوا معانا شوية.... رانا في أوت 2005 🥵 راهي الزوج تاع لعشية، الحالة تصفّر وواحد ماكاين برا، ومن كل دار تسمع نفس صوت المسلسل والغاشي نصو مغاشي😴 وانت راك تستنى الربعة تلحق باش تشختشخ 😭، اللّي عاش الحالة يقولنا واشمن مسلسل كان داير حالة هاذاك الوقت و يحكيلنا شوية عالقيلولة فورسي🤣.

 #bimo #بيمو #bimoalgerie #مجمع_بيمو #groupe_bimo #groupebimo",,"كاساندرا كنت نقرى سادسة  نخرج على الخمسة نجري علاجالها نشختشخ يدا ماكانش بابا ويدا دخل بابا يطفيهولي ولا يقولي اخرجي يماكم تتفرج وحدها هههههه...اما القيلولة الاسطورية تع الصيف وحدها تحريكة ماكاش وننودو للتشختشيخ نتفرجو كابتن ماجد كابتن ثابت كابتن رابح اومبعد ولا سلام دانك وهزيم الرعد هههه","3","https://www.facebook.com/BimoAlgerie/posts/pfbid0fEG4jEnxDuXWTxR5XstZnq11TsR1oWHxFaN8BQTAYr1ZeBAUcpr8sxi7hfaU2z6ml"
"اتخيلوا معانا شوية.... رانا في أوت 2005 🥵 راهي الزوج تاع لعشية، الحالة تصفّر وواحد ماكاين برا، ومن كل دار تسمع نفس صوت المسلسل والغاشي نصو مغاشي😴 وانت راك تستنى الربعة تلحق باش تشختشخ 😭، اللّي عاش الحالة يقولنا واشمن مسلسل كان داير حالة هاذاك الوقت و يحكيلنا شوية عالقيلولة فورسي🤣.

 #bimo #بيمو #bimoalgerie #مجمع_بيمو #groupe_bimo #groupebimo",,"كاسندارا قوادالوبي","1","https://www.facebook.com/BimoAlgerie/posts/pfbid0fEG4jEnxDuXWTxR5XstZnq11TsR1oWHxFaN8BQTAYr1ZeBAUcpr8sxi7hfaU2z6ml"
"اتخيلوا معانا شوية.... رانا في أوت 2005 🥵 راهي الزوج تاع لعشية، الحالة تصفّر وواحد ماكاين برا، ومن كل دار تسمع نفس صوت المسلسل والغاشي نصو مغاشي😴 وانت راك تستنى الربعة تلحق باش تشختشخ 😭، اللّي عاش الحالة يقولنا واشمن مسلسل كان داير حالة هاذاك الوقت و يحكيلنا شوية عالقيلولة فورسي🤣.

 #bimo #بيمو #bimoalgerie #مجمع_بيمو #groupe_bimo #groupebimo",,"اواه لالا، تطورنا ولينا نشخشو فالبيرو ، وتحت إشراف gérant 🤣🤣","3","https://www.facebook.com/BimoAlgerie/posts/pfbid0fEG4jEnxDuXWTxR5XstZnq11TsR1oWHxFaN8BQTAYr1ZeBAUcpr8sxi7hfaU2z6ml"
"اتخيلوا معانا شوية.... رانا في أوت 2005 🥵 راهي الزوج تاع لعشية، الحالة تصفّر وواحد ماكاين برا، ومن كل دار تسمع نفس صوت المسلسل والغاشي نصو مغاشي😴 وانت راك تستنى الربعة تلحق باش تشختشخ 😭، اللّي عاش الحالة يقولنا واشمن مسلسل كان داير حالة هاذاك الوقت و يحكيلنا شوية عالقيلولة فورسي🤣.

 #bimo #بيمو #bimoalgerie #مجمع_بيمو #groupe_bimo #groupebimo",,"نتشختشخ مع النت مابقاش نتبعو تليفزيوني ونسلسلات","1","https://www.facebook.com/BimoAlgerie/posts/pfbid0fEG4jEnxDuXWTxR5XstZnq11TsR1oWHxFaN8BQTAYr1ZeBAUcpr8sxi7hfaU2z6ml"
"اتخيلوا معانا شوية.... رانا في أوت 2005 🥵 راهي الزوج تاع لعشية، الحالة تصفّر وواحد ماكاين برا، ومن كل دار تسمع نفس صوت المسلسل والغاشي نصو مغاشي😴 وانت راك تستنى الربعة تلحق باش تشختشخ 😭، اللّي عاش الحالة يقولنا واشمن مسلسل كان داير حالة هاذاك الوقت و يحكيلنا شوية عالقيلولة فورسي🤣.

 #bimo #بيمو #bimoalgerie #مجمع_بيمو #groupe_bimo #groupebimo",,"كنت نتشختشخ مع الميكي تاع سانشيرو 🫤 ( ايه علابالي قديم و كبرنا )","1","https://www.facebook.com/BimoAlgerie/posts/pfbid0fEG4jEnxDuXWTxR5XstZnq11TsR1oWHxFaN8BQTAYr1ZeBAUcpr8sxi7hfaU2z6ml"
"اتخيلوا معانا شوية.... رانا في أوت 2005 🥵 راهي الزوج تاع لعشية، الحالة تصفّر وواحد ماكاين برا، ومن كل دار تسمع نفس صوت المسلسل والغاشي نصو مغاشي😴 وانت راك تستنى الربعة تلحق باش تشختشخ 😭، اللّي عاش الحالة يقولنا واشمن مسلسل كان داير حالة هاذاك الوقت و يحكيلنا شوية عالقيلولة فورسي🤣.

 #bimo #بيمو #bimoalgerie #مجمع_بيمو #groupe_bimo #groupebimo",,"تبدلت الحالة وليت نشخشخ مع الصباح انا فالمخبر قبل مانبدا نخدم 🤣🤣","1","https://www.facebook.com/BimoAlgerie/posts/pfbid0fEG4jEnxDuXWTxR5XstZnq11TsR1oWHxFaN8BQTAYr1ZeBAUcpr8sxi7hfaU2z6ml"
"اتخيلوا معانا شوية.... رانا في أوت 2005 🥵 راهي الزوج تاع لعشية، الحالة تصفّر وواحد ماكاين برا، ومن كل دار تسمع نفس صوت المسلسل والغاشي نصو مغاشي😴 وانت راك تستنى الربعة تلحق باش تشختشخ 😭، اللّي عاش الحالة يقولنا واشمن مسلسل كان داير حالة هاذاك الوقت و يحكيلنا شوية عالقيلولة فورسي🤣.

 #bimo #بيمو #bimoalgerie #مجمع_بيمو #groupe_bimo #groupebimo",,"أجل عرابتي 😁","3","https://www.facebook.com/BimoAlgerie/posts/pfbid0fEG4jEnxDuXWTxR5XstZnq11TsR1oWHxFaN8BQTAYr1ZeBAUcpr8sxi7hfaU2z6ml"
"اتخيلوا معانا شوية.... رانا في أوت 2005 🥵 راهي الزوج تاع لعشية، الحالة تصفّر وواحد ماكاين برا، ومن كل دار تسمع نفس صوت المسلسل والغاشي نصو مغاشي😴 وانت راك تستنى الربعة تلحق باش تشختشخ 😭، اللّي عاش الحالة يقولنا واشمن مسلسل كان داير حالة هاذاك الوقت و يحكيلنا شوية عالقيلولة فورسي🤣.

 #bimo #بيمو #bimoalgerie #مجمع_بيمو #groupe_bimo #groupebimo",,"كسندرا","1","https://www.facebook.com/BimoAlgerie/posts/pfbid0fEG4jEnxDuXWTxR5XstZnq11TsR1oWHxFaN8BQTAYr1ZeBAUcpr8sxi7hfaU2z6ml"
"اتخيلوا معانا شوية.... رانا في أوت 2005 🥵 راهي الزوج تاع لعشية، الحالة تصفّر وواحد ماكاين برا، ومن كل دار تسمع نفس صوت المسلسل والغاشي نصو مغاشي😴 وانت راك تستنى الربعة تلحق باش تشختشخ 😭، اللّي عاش الحالة يقولنا واشمن مسلسل كان داير حالة هاذاك الوقت و يحكيلنا شوية عالقيلولة فورسي🤣.

 #bimo #بيمو #bimoalgerie #مجمع_بيمو #groupe_bimo #groupebimo",,"ايه يا ليام كي كانت الدينية زينة القيلولة مع شيخ والعجوز ربي يرحمهم بلبليغة وتيو وفيها متعة وتنوض العشوة تلقى بدون هندي باردة الله الله تستنا فيك دوك كلش متوفر والبنة زيرو شكون يشاطرني راءي","1","https://www.facebook.com/BimoAlgerie/posts/pfbid0fEG4jEnxDuXWTxR5XstZnq11TsR1oWHxFaN8BQTAYr1ZeBAUcpr8sxi7hfaU2z6ml"
"بزاف حاجات تختلفوا فيها، واليوم رانا جبنالكم اللّيسة وكل واحد يقولنا كيفاش يحب يبنّج منتوجو المفضل🤗 صفرا، حمرا، سودا، بالحليب.... الخ المهم الهدرة فالتعليقات👇😁

 #بيمو #bimo #groupebimo #groupe_bimo #مجمع_بيمو #bimoalgerie #ThisOrThat",,"تغمس باينة هذي بش شوية برك و يبقا مقرمش مجيهة زاوجة 🤗","1","https://www.facebook.com/BimoAlgerie/posts/pfbid0aDDTZ8Ra7qVSU7t3ETDLcQLUxjXCXUawp8vkYBEPQJZtY9ZqfMuDYPxgTXrjKd6Yl"
"بزاف حاجات تختلفوا فيها، واليوم رانا جبنالكم اللّيسة وكل واحد يقولنا كيفاش يحب يبنّج منتوجو المفضل🤗 صفرا، حمرا، سودا، بالحليب.... الخ المهم الهدرة فالتعليقات👇😁

 #بيمو #bimo #groupebimo #groupe_bimo #مجمع_بيمو #bimoalgerie #ThisOrThat",,"كومنت بالصورة من فضلكم لاني جاوبت على ورقتكم","1","https://www.facebook.com/BimoAlgerie/posts/pfbid0aDDTZ8Ra7qVSU7t3ETDLcQLUxjXCXUawp8vkYBEPQJZtY9ZqfMuDYPxgTXrjKd6Yl"
"بزاف حاجات تختلفوا فيها، واليوم رانا جبنالكم اللّيسة وكل واحد يقولنا كيفاش يحب يبنّج منتوجو المفضل🤗 صفرا، حمرا، سودا، بالحليب.... الخ المهم الهدرة فالتعليقات👇😁

 #بيمو #bimo #groupebimo #groupe_bimo #مجمع_بيمو #bimoalgerie #ThisOrThat",,"🤔mera this w 🤔 mera that","1","https://www.facebook.com/BimoAlgerie/posts/pfbid0aDDTZ8Ra7qVSU7t3ETDLcQLUxjXCXUawp8vkYBEPQJZtY9ZqfMuDYPxgTXrjKd6Yl"
"بزاف حاجات تختلفوا فيها، واليوم رانا جبنالكم اللّيسة وكل واحد يقولنا كيفاش يحب يبنّج منتوجو المفضل🤗 صفرا، حمرا، سودا، بالحليب.... الخ المهم الهدرة فالتعليقات👇😁

 #بيمو #bimo #groupebimo #groupe_bimo #مجمع_بيمو #bimoalgerie #ThisOrThat",,"نسيتو:

ڨاليت 
مالحة o o حلوة","2","https://www.facebook.com/BimoAlgerie/posts/pfbid0aDDTZ8Ra7qVSU7t3ETDLcQLUxjXCXUawp8vkYBEPQJZtY9ZqfMuDYPxgTXrjKd6Yl"
"بزاف حاجات تختلفوا فيها، واليوم رانا جبنالكم اللّيسة وكل واحد يقولنا كيفاش يحب يبنّج منتوجو المفضل🤗 صفرا، حمرا، سودا، بالحليب.... الخ المهم الهدرة فالتعليقات👇😁

 #بيمو #bimo #groupebimo #groupe_bimo #مجمع_بيمو #bimoalgerie #ThisOrThat",,"حشمتوني انا هاذو كامل نحبهم","1","https://www.facebook.com/BimoAlgerie/posts/pfbid0aDDTZ8Ra7qVSU7t3ETDLcQLUxjXCXUawp8vkYBEPQJZtY9ZqfMuDYPxgTXrjKd6Yl"
"بزاف حاجات تختلفوا فيها، واليوم رانا جبنالكم اللّيسة وكل واحد يقولنا كيفاش يحب يبنّج منتوجو المفضل🤗 صفرا، حمرا، سودا، بالحليب.... الخ المهم الهدرة فالتعليقات👇😁

 #بيمو #bimo #groupebimo #groupe_bimo #مجمع_بيمو #bimoalgerie #ThisOrThat",,"ما عندي ما نخير نحب كلش هههههه","1","https://www.facebook.com/BimoAlgerie/posts/pfbid0aDDTZ8Ra7qVSU7t3ETDLcQLUxjXCXUawp8vkYBEPQJZtY9ZqfMuDYPxgTXrjKd6Yl"
"بزاف حاجات تختلفوا فيها، واليوم رانا جبنالكم اللّيسة وكل واحد يقولنا كيفاش يحب يبنّج منتوجو المفضل🤗 صفرا، حمرا، سودا، بالحليب.... الخ المهم الهدرة فالتعليقات👇😁

 #بيمو #bimo #groupebimo #groupe_bimo #مجمع_بيمو #bimoalgerie #ThisOrThat",,"تشخشيخ ببيمو ڨالات أوف كورص ، بيمو بلاتاي و أومباسادور بنة لا تقاوم ، ڨوفريط دوبل ميكس سيليما تع لحيط .تويست للأطفال و الكبار ههعع يعني كل برودوي والقعدة تاعو هههه","1","https://www.facebook.com/BimoAlgerie/posts/pfbid0aDDTZ8Ra7qVSU7t3ETDLcQLUxjXCXUawp8vkYBEPQJZtY9ZqfMuDYPxgTXrjKd6Yl"
"بزاف حاجات تختلفوا فيها، واليوم رانا جبنالكم اللّيسة وكل واحد يقولنا كيفاش يحب يبنّج منتوجو المفضل🤗 صفرا، حمرا، سودا، بالحليب.... الخ المهم الهدرة فالتعليقات👇😁

 #بيمو #bimo #groupebimo #groupe_bimo #مجمع_بيمو #bimoalgerie #ThisOrThat",,"كلش متالي كل نهار و عليمن تنفحلك المهم المنتوج بيمو","1","https://www.facebook.com/BimoAlgerie/posts/pfbid0aDDTZ8Ra7qVSU7t3ETDLcQLUxjXCXUawp8vkYBEPQJZtY9ZqfMuDYPxgTXrjKd6Yl"
"بزاف حاجات تختلفوا فيها، واليوم رانا جبنالكم اللّيسة وكل واحد يقولنا كيفاش يحب يبنّج منتوجو المفضل🤗 صفرا، حمرا، سودا، بالحليب.... الخ المهم الهدرة فالتعليقات👇😁

 #بيمو #bimo #groupebimo #groupe_bimo #مجمع_بيمو #bimoalgerie #ThisOrThat",,"That ❤️","1","https://www.facebook.com/BimoAlgerie/posts/pfbid0aDDTZ8Ra7qVSU7t3ETDLcQLUxjXCXUawp8vkYBEPQJZtY9ZqfMuDYPxgTXrjKd6Yl"
"بزاف حاجات تختلفوا فيها، واليوم رانا جبنالكم اللّيسة وكل واحد يقولنا كيفاش يحب يبنّج منتوجو المفضل🤗 صفرا، حمرا، سودا، بالحليب.... الخ المهم الهدرة فالتعليقات👇😁

 #بيمو #bimo #groupebimo #groupe_bimo #مجمع_بيمو #bimoalgerie #ThisOrThat",,"That  😍 especially ambassadeur Noir","1","https://www.facebook.com/BimoAlgerie/posts/pfbid0aDDTZ8Ra7qVSU7t3ETDLcQLUxjXCXUawp8vkYBEPQJZtY9ZqfMuDYPxgTXrjKd6Yl"
"هاداك اللّي يصحّلو يجيب التبناج، علابالو بلّي هاذي مهمة صعبة وتحدّد مصير القعدة، تسمى غير عمّر الساكادو بمنتجات بيمو وكونك هاني 😁👌.

 #بيمو #bimo #groupebimo #groupe_bimo #مجمع_بيمو #bimoalgerie",,"كي يتكل عليك بيمو تدي لصحابك تبناج ✅","1","https://www.facebook.com/BimoAlgerie/posts/pfbid0i6b2juFi8XprLpTHJLXv8doTsLeBgKwberKfQds29vGSNqGV1dztSUs9cDdH7Nigl"
"هاداك اللّي يصحّلو يجيب التبناج، علابالو بلّي هاذي مهمة صعبة وتحدّد مصير القعدة، تسمى غير عمّر الساكادو بمنتجات بيمو وكونك هاني 😁👌.

 #بيمو #bimo #groupebimo #groupe_bimo #مجمع_بيمو #bimoalgerie",,"الكوكيز وين راه","1","https://www.facebook.com/BimoAlgerie/posts/pfbid0i6b2juFi8XprLpTHJLXv8doTsLeBgKwberKfQds29vGSNqGV1dztSUs9cDdH7Nigl"
"هاداك اللّي يصحّلو يجيب التبناج، علابالو بلّي هاذي مهمة صعبة وتحدّد مصير القعدة، تسمى غير عمّر الساكادو بمنتجات بيمو وكونك هاني 😁👌.

 #بيمو #bimo #groupebimo #groupe_bimo #مجمع_بيمو #bimoalgerie",,"ماجابش الطونقو رجعوه للحانوت.الطونغو راه مجرجرنا هههه","1","https://www.facebook.com/BimoAlgerie/posts/pfbid0i6b2juFi8XprLpTHJLXv8doTsLeBgKwberKfQds29vGSNqGV1dztSUs9cDdH7Nigl"
"هاداك اللّي يصحّلو يجيب التبناج، علابالو بلّي هاذي مهمة صعبة وتحدّد مصير القعدة، تسمى غير عمّر الساكادو بمنتجات بيمو وكونك هاني 😁👌.

 #بيمو #bimo #groupebimo #groupe_bimo #مجمع_بيمو #bimoalgerie",,"ههههههه والله في حياتي ماشفت أدمن كيفك 😂😂😂😂بيمو و تحلى الحياة","1","https://www.facebook.com/BimoAlgerie/posts/pfbid0i6b2juFi8XprLpTHJLXv8doTsLeBgKwberKfQds29vGSNqGV1dztSUs9cDdH7Nigl"
"هاداك اللّي يصحّلو يجيب التبناج، علابالو بلّي هاذي مهمة صعبة وتحدّد مصير القعدة، تسمى غير عمّر الساكادو بمنتجات بيمو وكونك هاني 😁👌.

 #بيمو #bimo #groupebimo #groupe_bimo #مجمع_بيمو #bimoalgerie",,"Tango يشعر بالخيانة..
أنا عندي طونڨو في كفة وهذو في كفة","1","https://www.facebook.com/BimoAlgerie/posts/pfbid0i6b2juFi8XprLpTHJLXv8doTsLeBgKwberKfQds29vGSNqGV1dztSUs9cDdH7Nigl"
"بين لمجة ولمجة تتبدل القعدة والحطة😍بصح باسط اوف بيمو ڨوفريط الشوكولا المڨرمش، راح يصنع الفرق في صيفكم🤗 حقا.... راكوا تدوه معاكم للبحر ولا لالا🤔. 

 #بيمو #bimo #groupebimo #groupe_bimo #مجمع_بيمو #bimoalgerie #BestOfBimo",,"نقصو السكر 😁","1","https://www.facebook.com/BimoAlgerie/posts/pfbid0GQdj8uQUP9NWzuufQwi3tR1fu2Yswn1eUhiDYZgGWNRwYEQWzWBDYLwZzVhF3T2fl"
"بين لمجة ولمجة تتبدل القعدة والحطة😍بصح باسط اوف بيمو ڨوفريط الشوكولا المڨرمش، راح يصنع الفرق في صيفكم🤗 حقا.... راكوا تدوه معاكم للبحر ولا لالا🤔. 

 #بيمو #bimo #groupebimo #groupe_bimo #مجمع_بيمو #bimoalgerie #BestOfBimo",,"Weliii welli nchofo nchof lbhar","2","https://www.facebook.com/BimoAlgerie/posts/pfbid0GQdj8uQUP9NWzuufQwi3tR1fu2Yswn1eUhiDYZgGWNRwYEQWzWBDYLwZzVhF3T2fl"
"بين لمجة ولمجة تتبدل القعدة والحطة😍بصح باسط اوف بيمو ڨوفريط الشوكولا المڨرمش، راح يصنع الفرق في صيفكم🤗 حقا.... راكوا تدوه معاكم للبحر ولا لالا🤔. 

 #بيمو #bimo #groupebimo #groupe_bimo #مجمع_بيمو #bimoalgerie #BestOfBimo",,"ديرولنا بيمو بعدة اذواق بنان. فراز.  قارص","0","https://www.facebook.com/BimoAlgerie/posts/pfbid0GQdj8uQUP9NWzuufQwi3tR1fu2Yswn1eUhiDYZgGWNRwYEQWzWBDYLwZzVhF3T2fl"
"بين لمجة ولمجة تتبدل القعدة والحطة😍بصح باسط اوف بيمو ڨوفريط الشوكولا المڨرمش، راح يصنع الفرق في صيفكم🤗 حقا.... راكوا تدوه معاكم للبحر ولا لالا🤔. 

 #بيمو #bimo #groupebimo #groupe_bimo #مجمع_بيمو #bimoalgerie #BestOfBimo",,"Dommage ,Surtout avec la chaleur yedhoub bel khef","0","https://www.facebook.com/BimoAlgerie/posts/pfbid0GQdj8uQUP9NWzuufQwi3tR1fu2Yswn1eUhiDYZgGWNRwYEQWzWBDYLwZzVhF3T2fl"
"بين لمجة ولمجة تتبدل القعدة والحطة😍بصح باسط اوف بيمو ڨوفريط الشوكولا المڨرمش، راح يصنع الفرق في صيفكم🤗 حقا.... راكوا تدوه معاكم للبحر ولا لالا🤔. 

 #بيمو #bimo #groupebimo #groupe_bimo #مجمع_بيمو #bimoalgerie #BestOfBimo",,"اسمع خو صرالي مشكل شريت كرطونة بيمو قوفريط او وحدة ماكاو قلت نفتح كيوسك صغير بصح مشكل لقيتهم خلاصو بلخف (انا كليتهم) كاين كفاه ترجعولي دراهمي 🥲؟","1","https://www.facebook.com/BimoAlgerie/posts/pfbid0GQdj8uQUP9NWzuufQwi3tR1fu2Yswn1eUhiDYZgGWNRwYEQWzWBDYLwZzVhF3T2fl"
"بين لمجة ولمجة تتبدل القعدة والحطة😍بصح باسط اوف بيمو ڨوفريط الشوكولا المڨرمش، راح يصنع الفرق في صيفكم🤗 حقا.... راكوا تدوه معاكم للبحر ولا لالا🤔. 

 #بيمو #bimo #groupebimo #groupe_bimo #مجمع_بيمو #bimoalgerie #BestOfBimo",,"الراعي الرسمي لتبناج فلبحر هو و ...شوكو😌🤫","1","https://www.facebook.com/BimoAlgerie/posts/pfbid0GQdj8uQUP9NWzuufQwi3tR1fu2Yswn1eUhiDYZgGWNRwYEQWzWBDYLwZzVhF3T2fl"
"اليوم تشهيتلكم في خاطركم تحلية بنيييينة و ساهلة بالبوتي بيمو تبرّدوا بيها قلبكم؟ ديروا طبقات بيه وعمروها بكريمة اللّيمون المنعشة🍋. اذا جربتوها مرة ماراحش تزيدوا تصبروا عليها 👌.

 #بيمو #bimo #groupebimo #مجمع_بيمو #bimoalgerie #groupe_bimo #PetitBimo",,"مازال ماذقتوش، بصح شفت عليه ياسر les retours positif","1","https://www.facebook.com/BimoAlgerie/posts/pfbid02SEGnNoCmKzVbUm9EdXZ1eoWvqewydfViN5Fih5ftxiN9eM1qzAjAkwVrJZnedHgrl"
"اليوم تشهيتلكم في خاطركم تحلية بنيييينة و ساهلة بالبوتي بيمو تبرّدوا بيها قلبكم؟ ديروا طبقات بيه وعمروها بكريمة اللّيمون المنعشة🍋. اذا جربتوها مرة ماراحش تزيدوا تصبروا عليها 👌.

 #بيمو #bimo #groupebimo #مجمع_بيمو #bimoalgerie #groupe_bimo #PetitBimo",,"A essayer","1","https://www.facebook.com/BimoAlgerie/posts/pfbid02SEGnNoCmKzVbUm9EdXZ1eoWvqewydfViN5Fih5ftxiN9eM1qzAjAkwVrJZnedHgrl"
"اليوم تشهيتلكم في خاطركم تحلية بنيييينة و ساهلة بالبوتي بيمو تبرّدوا بيها قلبكم؟ ديروا طبقات بيه وعمروها بكريمة اللّيمون المنعشة🍋. اذا جربتوها مرة ماراحش تزيدوا تصبروا عليها 👌.

 #بيمو #bimo #groupebimo #مجمع_بيمو #bimoalgerie #groupe_bimo #PetitBimo",,"زعما تعرفني عمي بيمو؟؟؟","1","https://www.facebook.com/BimoAlgerie/posts/pfbid02SEGnNoCmKzVbUm9EdXZ1eoWvqewydfViN5Fih5ftxiN9eM1qzAjAkwVrJZnedHgrl"
"اليوم تشهيتلكم في خاطركم تحلية بنيييينة و ساهلة بالبوتي بيمو تبرّدوا بيها قلبكم؟ ديروا طبقات بيه وعمروها بكريمة اللّيمون المنعشة🍋. اذا جربتوها مرة ماراحش تزيدوا تصبروا عليها 👌.

 #بيمو #bimo #groupebimo #مجمع_بيمو #bimoalgerie #groupe_bimo #PetitBimo",,"Kan Kayen Wahed bleu au lait kan hayel mais il est introuvable malheureusement","1","https://www.facebook.com/BimoAlgerie/posts/pfbid02SEGnNoCmKzVbUm9EdXZ1eoWvqewydfViN5Fih5ftxiN9eM1qzAjAkwVrJZnedHgrl"
"اليوم تشهيتلكم في خاطركم تحلية بنيييينة و ساهلة بالبوتي بيمو تبرّدوا بيها قلبكم؟ ديروا طبقات بيه وعمروها بكريمة اللّيمون المنعشة🍋. اذا جربتوها مرة ماراحش تزيدوا تصبروا عليها 👌.

 #بيمو #bimo #groupebimo #مجمع_بيمو #bimoalgerie #groupe_bimo #PetitBimo",,"Chikola noir zedtoulha bzf ya bimooo","1","https://www.facebook.com/BimoAlgerie/posts/pfbid02SEGnNoCmKzVbUm9EdXZ1eoWvqewydfViN5Fih5ftxiN9eM1qzAjAkwVrJZnedHgrl"
"بزاف حاجات تختلفوا فيها، واليوم رانا جبنالكم اللّيسة وكل واحد يقولنا كيفاش يحب يبنّج منتوجو المفضل🤗 صفرا، حمرا، سودا، بالحليب.... الخ المهم الهدرة فالتعليقات👇😁

 #بيمو #bimo #groupebimo #groupe_bimo #مجمع_بيمو #bimoalgerie #ThisOrThat",,"Kaml ndirohom w zadt 3diit hâta Wlidi","1","https://www.facebook.com/BimoAlgerie/posts/pfbid0aDDTZ8Ra7qVSU7t3ETDLcQLUxjXCXUawp8vkYBEPQJZtY9ZqfMuDYPxgTXrjKd6Yl"
"بزاف حاجات تختلفوا فيها، واليوم رانا جبنالكم اللّيسة وكل واحد يقولنا كيفاش يحب يبنّج منتوجو المفضل🤗 صفرا، حمرا، سودا، بالحليب.... الخ المهم الهدرة فالتعليقات👇😁

 #بيمو #bimo #groupebimo #groupe_bimo #مجمع_بيمو #bimoalgerie #ThisOrThat",,"ڨااااع","1","https://www.facebook.com/BimoAlgerie/posts/pfbid0aDDTZ8Ra7qVSU7t3ETDLcQLUxjXCXUawp8vkYBEPQJZtY9ZqfMuDYPxgTXrjKd6Yl"
"بزاف حاجات تختلفوا فيها، واليوم رانا جبنالكم اللّيسة وكل واحد يقولنا كيفاش يحب يبنّج منتوجو المفضل🤗 صفرا، حمرا، سودا، بالحليب.... الخ المهم الهدرة فالتعليقات👇😁

 #بيمو #bimo #groupebimo #groupe_bimo #مجمع_بيمو #bimoalgerie #ThisOrThat",,"Dirona comment by picture 🤌🏽 bsh nhato les choix","1","https://www.facebook.com/BimoAlgerie/posts/pfbid0aDDTZ8Ra7qVSU7t3ETDLcQLUxjXCXUawp8vkYBEPQJZtY9ZqfMuDYPxgTXrjKd6Yl"
"بزاف حاجات تختلفوا فيها، واليوم رانا جبنالكم اللّيسة وكل واحد يقولنا كيفاش يحب يبنّج منتوجو المفضل🤗 صفرا، حمرا، سودا، بالحليب.... الخ المهم الهدرة فالتعليقات👇😁

 #بيمو #bimo #groupebimo #groupe_bimo #مجمع_بيمو #bimoalgerie #ThisOrThat",,"Groupe Bimo Algérie  قاع","1","https://www.facebook.com/BimoAlgerie/posts/pfbid0aDDTZ8Ra7qVSU7t3ETDLcQLUxjXCXUawp8vkYBEPQJZtY9ZqfMuDYPxgTXrjKd6Yl"
"بزاف حاجات تختلفوا فيها، واليوم رانا جبنالكم اللّيسة وكل واحد يقولنا كيفاش يحب يبنّج منتوجو المفضل🤗 صفرا، حمرا، سودا، بالحليب.... الخ المهم الهدرة فالتعليقات👇😁

 #بيمو #bimo #groupebimo #groupe_bimo #مجمع_بيمو #bimoalgerie #ThisOrThat",,"Chico وين راه 😒","1","https://www.facebook.com/BimoAlgerie/posts/pfbid0aDDTZ8Ra7qVSU7t3ETDLcQLUxjXCXUawp8vkYBEPQJZtY9ZqfMuDYPxgTXrjKd6Yl"
"بزاف حاجات تختلفوا فيها، واليوم رانا جبنالكم اللّيسة وكل واحد يقولنا كيفاش يحب يبنّج منتوجو المفضل🤗 صفرا، حمرا، سودا، بالحليب.... الخ المهم الهدرة فالتعليقات👇😁

 #بيمو #bimo #groupebimo #groupe_bimo #مجمع_بيمو #bimoalgerie #ThisOrThat",,"نغمس","1","https://www.facebook.com/BimoAlgerie/posts/pfbid0aDDTZ8Ra7qVSU7t3ETDLcQLUxjXCXUawp8vkYBEPQJZtY9ZqfMuDYPxgTXrjKd6Yl"
"بزاف حاجات تختلفوا فيها، واليوم رانا جبنالكم اللّيسة وكل واحد يقولنا كيفاش يحب يبنّج منتوجو المفضل🤗 صفرا، حمرا، سودا، بالحليب.... الخ المهم الهدرة فالتعليقات👇😁

 #بيمو #bimo #groupebimo #groupe_bimo #مجمع_بيمو #bimoalgerie #ThisOrThat",,"نحب شركة بيمو 🥰بالتوفيق للجميع يارب 🤲🏻💐💐🦋💖🫶🏻👍🏻🍪🍩😋😘💐❤🇩🇿🇩🇿😘💖","2","https://www.facebook.com/BimoAlgerie/posts/pfbid0aDDTZ8Ra7qVSU7t3ETDLcQLUxjXCXUawp8vkYBEPQJZtY9ZqfMuDYPxgTXrjKd6Yl"
"بزاف حاجات تختلفوا فيها، واليوم رانا جبنالكم اللّيسة وكل واحد يقولنا كيفاش يحب يبنّج منتوجو المفضل🤗 صفرا، حمرا، سودا، بالحليب.... الخ المهم الهدرة فالتعليقات👇😁

 #بيمو #bimo #groupebimo #groupe_bimo #مجمع_بيمو #bimoalgerie #ThisOrThat",,"Ambassadeur au lait
Macao thliyet o bniwen 
gaufrettes. Les petits cubes 
Bimo café au lait","1","https://www.facebook.com/BimoAlgerie/posts/pfbid0aDDTZ8Ra7qVSU7t3ETDLcQLUxjXCXUawp8vkYBEPQJZtY9ZqfMuDYPxgTXrjKd6Yl"
"بزاف حاجات تختلفوا فيها، واليوم رانا جبنالكم اللّيسة وكل واحد يقولنا كيفاش يحب يبنّج منتوجو المفضل🤗 صفرا، حمرا، سودا، بالحليب.... الخ المهم الهدرة فالتعليقات👇😁

 #بيمو #bimo #groupebimo #groupe_bimo #مجمع_بيمو #bimoalgerie #ThisOrThat",,,"2","https://www.facebook.com/BimoAlgerie/posts/pfbid0aDDTZ8Ra7qVSU7t3ETDLcQLUxjXCXUawp8vkYBEPQJZtY9ZqfMuDYPxgTXrjKd6Yl"
"بزاف حاجات تختلفوا فيها، واليوم رانا جبنالكم اللّيسة وكل واحد يقولنا كيفاش يحب يبنّج منتوجو المفضل🤗 صفرا، حمرا، سودا، بالحليب.... الخ المهم الهدرة فالتعليقات👇😁

 #بيمو #bimo #groupebimo #groupe_bimo #مجمع_بيمو #bimoalgerie #ThisOrThat",,"انا نخدم This and that في زوج 😂","1","https://www.facebook.com/BimoAlgerie/posts/pfbid0aDDTZ8Ra7qVSU7t3ETDLcQLUxjXCXUawp8vkYBEPQJZtY9ZqfMuDYPxgTXrjKd6Yl"
"اتخيلوا معانا شوية.... رانا في أوت 2005 🥵 راهي الزوج تاع لعشية، الحالة تصفّر وواحد ماكاين برا، ومن كل دار تسمع نفس صوت المسلسل والغاشي نصو مغاشي😴 وانت راك تستنى الربعة تلحق باش تشختشخ 😭، اللّي عاش الحالة يقولنا واشمن مسلسل كان داير حالة هاذاك الوقت و يحكيلنا شوية عالقيلولة فورسي🤣.

 #bimo #بيمو #bimoalgerie #مجمع_بيمو #groupe_bimo #groupebimo",,"ريا و سكينة😍","1","https://www.facebook.com/BimoAlgerie/posts/pfbid0fEG4jEnxDuXWTxR5XstZnq11TsR1oWHxFaN8BQTAYr1ZeBAUcpr8sxi7hfaU2z6ml"
"اتخيلوا معانا شوية.... رانا في أوت 2005 🥵 راهي الزوج تاع لعشية، الحالة تصفّر وواحد ماكاين برا، ومن كل دار تسمع نفس صوت المسلسل والغاشي نصو مغاشي😴 وانت راك تستنى الربعة تلحق باش تشختشخ 😭، اللّي عاش الحالة يقولنا واشمن مسلسل كان داير حالة هاذاك الوقت و يحكيلنا شوية عالقيلولة فورسي🤣.

 #bimo #بيمو #bimoalgerie #مجمع_بيمو #groupe_bimo #groupebimo",,"ماريا دل كارمن ههههه","1","https://www.facebook.com/BimoAlgerie/posts/pfbid0fEG4jEnxDuXWTxR5XstZnq11TsR1oWHxFaN8BQTAYr1ZeBAUcpr8sxi7hfaU2z6ml"
"اتخيلوا معانا شوية.... رانا في أوت 2005 🥵 راهي الزوج تاع لعشية، الحالة تصفّر وواحد ماكاين برا، ومن كل دار تسمع نفس صوت المسلسل والغاشي نصو مغاشي😴 وانت راك تستنى الربعة تلحق باش تشختشخ 😭، اللّي عاش الحالة يقولنا واشمن مسلسل كان داير حالة هاذاك الوقت و يحكيلنا شوية عالقيلولة فورسي🤣.

 #bimo #بيمو #bimoalgerie #مجمع_بيمو #groupe_bimo #groupebimo",,"Nostalgie 😢","1","https://www.facebook.com/BimoAlgerie/posts/pfbid0fEG4jEnxDuXWTxR5XstZnq11TsR1oWHxFaN8BQTAYr1ZeBAUcpr8sxi7hfaU2z6ml"
"اتخيلوا معانا شوية.... رانا في أوت 2005 🥵 راهي الزوج تاع لعشية، الحالة تصفّر وواحد ماكاين برا، ومن كل دار تسمع نفس صوت المسلسل والغاشي نصو مغاشي😴 وانت راك تستنى الربعة تلحق باش تشختشخ 😭، اللّي عاش الحالة يقولنا واشمن مسلسل كان داير حالة هاذاك الوقت و يحكيلنا شوية عالقيلولة فورسي🤣.

 #bimo #بيمو #bimoalgerie #مجمع_بيمو #groupe_bimo #groupebimo",,"كنت نبغي نتفرج ben 10 فلقايلة بصح يما ترقدني فورصي ايا كترقد نشعلو خيانة عليها و نجيب باطة بيمو لي مخبية للقهوة و نشخشخ و نتفرج حتا تنوض تلقاني هكاك تمدلي طريحات و تبعثني فذيك سخانة نجيب باطة جديدة يامات شابين 😔😔😔","1","https://www.facebook.com/BimoAlgerie/posts/pfbid0fEG4jEnxDuXWTxR5XstZnq11TsR1oWHxFaN8BQTAYr1ZeBAUcpr8sxi7hfaU2z6ml"
"اتخيلوا معانا شوية.... رانا في أوت 2005 🥵 راهي الزوج تاع لعشية، الحالة تصفّر وواحد ماكاين برا، ومن كل دار تسمع نفس صوت المسلسل والغاشي نصو مغاشي😴 وانت راك تستنى الربعة تلحق باش تشختشخ 😭، اللّي عاش الحالة يقولنا واشمن مسلسل كان داير حالة هاذاك الوقت و يحكيلنا شوية عالقيلولة فورسي🤣.

 #bimo #بيمو #bimoalgerie #مجمع_بيمو #groupe_bimo #groupebimo",,"كنا نتفرجو كاسندرا برا ذبانة ما تسعا","2","https://www.facebook.com/BimoAlgerie/posts/pfbid0fEG4jEnxDuXWTxR5XstZnq11TsR1oWHxFaN8BQTAYr1ZeBAUcpr8sxi7hfaU2z6ml"
"اتخيلوا معانا شوية.... رانا في أوت 2005 🥵 راهي الزوج تاع لعشية، الحالة تصفّر وواحد ماكاين برا، ومن كل دار تسمع نفس صوت المسلسل والغاشي نصو مغاشي😴 وانت راك تستنى الربعة تلحق باش تشختشخ 😭، اللّي عاش الحالة يقولنا واشمن مسلسل كان داير حالة هاذاك الوقت و يحكيلنا شوية عالقيلولة فورسي🤣.

 #bimo #بيمو #bimoalgerie #مجمع_بيمو #groupe_bimo #groupebimo",,"Groupe Bimo Algérie   السوطةالأسطوريةلكنت نديها باش يتفجرو كاسيلدا 😁😁😁","1","https://www.facebook.com/BimoAlgerie/posts/pfbid0fEG4jEnxDuXWTxR5XstZnq11TsR1oWHxFaN8BQTAYr1ZeBAUcpr8sxi7hfaU2z6ml"
"اتخيلوا معانا شوية.... رانا في أوت 2005 🥵 راهي الزوج تاع لعشية، الحالة تصفّر وواحد ماكاين برا، ومن كل دار تسمع نفس صوت المسلسل والغاشي نصو مغاشي😴 وانت راك تستنى الربعة تلحق باش تشختشخ 😭، اللّي عاش الحالة يقولنا واشمن مسلسل كان داير حالة هاذاك الوقت و يحكيلنا شوية عالقيلولة فورسي🤣.

 #bimo #بيمو #bimoalgerie #مجمع_بيمو #groupe_bimo #groupebimo",,"Haithem Banna 
تشفى كي كنا فوقت القيالة نسرقوا بيمو من الحوانت؟","2","https://www.facebook.com/BimoAlgerie/posts/pfbid0fEG4jEnxDuXWTxR5XstZnq11TsR1oWHxFaN8BQTAYr1ZeBAUcpr8sxi7hfaU2z6ml"
"اتخيلوا معانا شوية.... رانا في أوت 2005 🥵 راهي الزوج تاع لعشية، الحالة تصفّر وواحد ماكاين برا، ومن كل دار تسمع نفس صوت المسلسل والغاشي نصو مغاشي😴 وانت راك تستنى الربعة تلحق باش تشختشخ 😭، اللّي عاش الحالة يقولنا واشمن مسلسل كان داير حالة هاذاك الوقت و يحكيلنا شوية عالقيلولة فورسي🤣.

 #bimo #بيمو #bimoalgerie #مجمع_بيمو #groupe_bimo #groupebimo",,"عرابتي ههههه أجل 😐","1","https://www.facebook.com/BimoAlgerie/posts/pfbid0fEG4jEnxDuXWTxR5XstZnq11TsR1oWHxFaN8BQTAYr1ZeBAUcpr8sxi7hfaU2z6ml"
"اتخيلوا معانا شوية.... رانا في أوت 2005 🥵 راهي الزوج تاع لعشية، الحالة تصفّر وواحد ماكاين برا، ومن كل دار تسمع نفس صوت المسلسل والغاشي نصو مغاشي😴 وانت راك تستنى الربعة تلحق باش تشختشخ 😭، اللّي عاش الحالة يقولنا واشمن مسلسل كان داير حالة هاذاك الوقت و يحكيلنا شوية عالقيلولة فورسي🤣.

 #bimo #بيمو #bimoalgerie #مجمع_بيمو #groupe_bimo #groupebimo",,"كاسيلدا","2","https://www.facebook.com/BimoAlgerie/posts/pfbid0fEG4jEnxDuXWTxR5XstZnq11TsR1oWHxFaN8BQTAYr1ZeBAUcpr8sxi7hfaU2z6ml"
"اتخيلوا معانا شوية.... رانا في أوت 2005 🥵 راهي الزوج تاع لعشية، الحالة تصفّر وواحد ماكاين برا، ومن كل دار تسمع نفس صوت المسلسل والغاشي نصو مغاشي😴 وانت راك تستنى الربعة تلحق باش تشختشخ 😭، اللّي عاش الحالة يقولنا واشمن مسلسل كان داير حالة هاذاك الوقت و يحكيلنا شوية عالقيلولة فورسي🤣.

 #bimo #بيمو #bimoalgerie #مجمع_بيمو #groupe_bimo #groupebimo",,"كاسيلدا ومادرتي فينا ههههه","1","https://www.facebook.com/BimoAlgerie/posts/pfbid0fEG4jEnxDuXWTxR5XstZnq11TsR1oWHxFaN8BQTAYr1ZeBAUcpr8sxi7hfaU2z6ml"
"اتخيلوا معانا شوية.... رانا في أوت 2005 🥵 راهي الزوج تاع لعشية، الحالة تصفّر وواحد ماكاين برا، ومن كل دار تسمع نفس صوت المسلسل والغاشي نصو مغاشي😴 وانت راك تستنى الربعة تلحق باش تشختشخ 😭، اللّي عاش الحالة يقولنا واشمن مسلسل كان داير حالة هاذاك الوقت و يحكيلنا شوية عالقيلولة فورسي🤣.

 #bimo #بيمو #bimoalgerie #مجمع_بيمو #groupe_bimo #groupebimo",,"هيهيهي 🫢 أجل عرابتي😂😂😂","1","https://www.facebook.com/BimoAlgerie/posts/pfbid0fEG4jEnxDuXWTxR5XstZnq11TsR1oWHxFaN8BQTAYr1ZeBAUcpr8sxi7hfaU2z6ml"
"اتخيلوا معانا شوية.... رانا في أوت 2005 🥵 راهي الزوج تاع لعشية، الحالة تصفّر وواحد ماكاين برا، ومن كل دار تسمع نفس صوت المسلسل والغاشي نصو مغاشي😴 وانت راك تستنى الربعة تلحق باش تشختشخ 😭، اللّي عاش الحالة يقولنا واشمن مسلسل كان داير حالة هاذاك الوقت و يحكيلنا شوية عالقيلولة فورسي🤣.

 #bimo #بيمو #bimoalgerie #مجمع_بيمو #groupe_bimo #groupebimo",,"اجل...هههههه","1","https://www.facebook.com/BimoAlgerie/posts/pfbid0fEG4jEnxDuXWTxR5XstZnq11TsR1oWHxFaN8BQTAYr1ZeBAUcpr8sxi7hfaU2z6ml"
"اتخيلوا معانا شوية.... رانا في أوت 2005 🥵 راهي الزوج تاع لعشية، الحالة تصفّر وواحد ماكاين برا، ومن كل دار تسمع نفس صوت المسلسل والغاشي نصو مغاشي😴 وانت راك تستنى الربعة تلحق باش تشختشخ 😭، اللّي عاش الحالة يقولنا واشمن مسلسل كان داير حالة هاذاك الوقت و يحكيلنا شوية عالقيلولة فورسي🤣.

 #bimo #بيمو #bimoalgerie #مجمع_بيمو #groupe_bimo #groupebimo",,"ماشي مسلسل الميكي تاع هزيم الرعد","1","https://www.facebook.com/BimoAlgerie/posts/pfbid0fEG4jEnxDuXWTxR5XstZnq11TsR1oWHxFaN8BQTAYr1ZeBAUcpr8sxi7hfaU2z6ml"
"اتخيلوا معانا شوية.... رانا في أوت 2005 🥵 راهي الزوج تاع لعشية، الحالة تصفّر وواحد ماكاين برا، ومن كل دار تسمع نفس صوت المسلسل والغاشي نصو مغاشي😴 وانت راك تستنى الربعة تلحق باش تشختشخ 😭، اللّي عاش الحالة يقولنا واشمن مسلسل كان داير حالة هاذاك الوقت و يحكيلنا شوية عالقيلولة فورسي🤣.

 #bimo #بيمو #bimoalgerie #مجمع_بيمو #groupe_bimo #groupebimo",,"يامات البوكيمون واستراحة الاثنين مع طاطا ليندا  القناص","1","https://www.facebook.com/BimoAlgerie/posts/pfbid0fEG4jEnxDuXWTxR5XstZnq11TsR1oWHxFaN8BQTAYr1ZeBAUcpr8sxi7hfaU2z6ml"
"اتخيلوا معانا شوية.... رانا في أوت 2005 🥵 راهي الزوج تاع لعشية، الحالة تصفّر وواحد ماكاين برا، ومن كل دار تسمع نفس صوت المسلسل والغاشي نصو مغاشي😴 وانت راك تستنى الربعة تلحق باش تشختشخ 😭، اللّي عاش الحالة يقولنا واشمن مسلسل كان داير حالة هاذاك الوقت و يحكيلنا شوية عالقيلولة فورسي🤣.

 #bimo #بيمو #bimoalgerie #مجمع_بيمو #groupe_bimo #groupebimo",,"كاسيلدا","1","https://www.facebook.com/BimoAlgerie/posts/pfbid0fEG4jEnxDuXWTxR5XstZnq11TsR1oWHxFaN8BQTAYr1ZeBAUcpr8sxi7hfaU2z6ml"
"اتخيلوا معانا شوية.... رانا في أوت 2005 🥵 راهي الزوج تاع لعشية، الحالة تصفّر وواحد ماكاين برا، ومن كل دار تسمع نفس صوت المسلسل والغاشي نصو مغاشي😴 وانت راك تستنى الربعة تلحق باش تشختشخ 😭، اللّي عاش الحالة يقولنا واشمن مسلسل كان داير حالة هاذاك الوقت و يحكيلنا شوية عالقيلولة فورسي🤣.

 #bimo #بيمو #bimoalgerie #مجمع_بيمو #groupe_bimo #groupebimo",,"Gouraoui Ahmed","1","https://www.facebook.com/BimoAlgerie/posts/pfbid0fEG4jEnxDuXWTxR5XstZnq11TsR1oWHxFaN8BQTAYr1ZeBAUcpr8sxi7hfaU2z6ml"
"اتخيلوا معانا شوية.... رانا في أوت 2005 🥵 راهي الزوج تاع لعشية، الحالة تصفّر وواحد ماكاين برا، ومن كل دار تسمع نفس صوت المسلسل والغاشي نصو مغاشي😴 وانت راك تستنى الربعة تلحق باش تشختشخ 😭، اللّي عاش الحالة يقولنا واشمن مسلسل كان داير حالة هاذاك الوقت و يحكيلنا شوية عالقيلولة فورسي🤣.

 #bimo #بيمو #bimoalgerie #مجمع_بيمو #groupe_bimo #groupebimo",,"هذاك الوقت نكون مڨيلة على روحي، ونستنى وقتاش نفيق من الغيبوبة وندير فيها كاس تاي مشخشخ بالبيمو
كان البيمو يدير ربعالاف وخمسمية ويعطيني بابا خمسالاف وكي يرجعلي الخمسمية إذا كانت الصغيرة نديها ليا وإذا كانت الكبيرة نمدها لأمي لأني مانحبهاش ههههه","2","https://www.facebook.com/BimoAlgerie/posts/pfbid0fEG4jEnxDuXWTxR5XstZnq11TsR1oWHxFaN8BQTAYr1ZeBAUcpr8sxi7hfaU2z6ml"
"اتخيلوا معانا شوية.... رانا في أوت 2005 🥵 راهي الزوج تاع لعشية، الحالة تصفّر وواحد ماكاين برا، ومن كل دار تسمع نفس صوت المسلسل والغاشي نصو مغاشي😴 وانت راك تستنى الربعة تلحق باش تشختشخ 😭، اللّي عاش الحالة يقولنا واشمن مسلسل كان داير حالة هاذاك الوقت و يحكيلنا شوية عالقيلولة فورسي🤣.

 #bimo #بيمو #bimoalgerie #مجمع_بيمو #groupe_bimo #groupebimo",,"Maria Clara... Salomé.. Gitanas","1","https://www.facebook.com/BimoAlgerie/posts/pfbid0fEG4jEnxDuXWTxR5XstZnq11TsR1oWHxFaN8BQTAYr1ZeBAUcpr8sxi7hfaU2z6ml"
"اتخيلوا معانا شوية.... رانا في أوت 2005 🥵 راهي الزوج تاع لعشية، الحالة تصفّر وواحد ماكاين برا، ومن كل دار تسمع نفس صوت المسلسل والغاشي نصو مغاشي😴 وانت راك تستنى الربعة تلحق باش تشختشخ 😭، اللّي عاش الحالة يقولنا واشمن مسلسل كان داير حالة هاذاك الوقت و يحكيلنا شوية عالقيلولة فورسي🤣.

 #bimo #بيمو #bimoalgerie #مجمع_بيمو #groupe_bimo #groupebimo",,"Virginia o vanessa ‘‘مسلسل ‘‘الدخيلة ؟
 Tchakh'tchikh... Mazalo. L. Doka","1","https://www.facebook.com/BimoAlgerie/posts/pfbid0fEG4jEnxDuXWTxR5XstZnq11TsR1oWHxFaN8BQTAYr1ZeBAUcpr8sxi7hfaU2z6ml"
"اتخيلوا معانا شوية.... رانا في أوت 2005 🥵 راهي الزوج تاع لعشية، الحالة تصفّر وواحد ماكاين برا، ومن كل دار تسمع نفس صوت المسلسل والغاشي نصو مغاشي😴 وانت راك تستنى الربعة تلحق باش تشختشخ 😭، اللّي عاش الحالة يقولنا واشمن مسلسل كان داير حالة هاذاك الوقت و يحكيلنا شوية عالقيلولة فورسي🤣.

 #bimo #بيمو #bimoalgerie #مجمع_بيمو #groupe_bimo #groupebimo",,"كسيلدا اجل اجل عرابتي 🤣🤣🤣🤣🤣","1","https://www.facebook.com/BimoAlgerie/posts/pfbid0fEG4jEnxDuXWTxR5XstZnq11TsR1oWHxFaN8BQTAYr1ZeBAUcpr8sxi7hfaU2z6ml"
"بزاف حاجات تختلفوا فيها، واليوم رانا جبنالكم اللّيسة وكل واحد يقولنا كيفاش يحب يبنّج منتوجو المفضل🤗 صفرا، حمرا، سودا، بالحليب.... الخ المهم الهدرة فالتعليقات👇😁

 #بيمو #bimo #groupebimo #groupe_bimo #مجمع_بيمو #bimoalgerie #ThisOrThat",,"Bimo goût  lait avec du café au lait machi  tahliya","1","https://www.facebook.com/BimoAlgerie/posts/pfbid0aDDTZ8Ra7qVSU7t3ETDLcQLUxjXCXUawp8vkYBEPQJZtY9ZqfMuDYPxgTXrjKd6Yl"
"بزاف حاجات تختلفوا فيها، واليوم رانا جبنالكم اللّيسة وكل واحد يقولنا كيفاش يحب يبنّج منتوجو المفضل🤗 صفرا، حمرا، سودا، بالحليب.... الخ المهم الهدرة فالتعليقات👇😁

 #بيمو #bimo #groupebimo #groupe_bimo #مجمع_بيمو #bimoalgerie #ThisOrThat",,"كامل that","1","https://www.facebook.com/BimoAlgerie/posts/pfbid0aDDTZ8Ra7qVSU7t3ETDLcQLUxjXCXUawp8vkYBEPQJZtY9ZqfMuDYPxgTXrjKd6Yl"
"بزاف حاجات تختلفوا فيها، واليوم رانا جبنالكم اللّيسة وكل واحد يقولنا كيفاش يحب يبنّج منتوجو المفضل🤗 صفرا، حمرا، سودا، بالحليب.... الخ المهم الهدرة فالتعليقات👇😁

 #بيمو #bimo #groupebimo #groupe_bimo #مجمع_بيمو #bimoalgerie #ThisOrThat",,"تشخشخ صباح وعشية❤️❤️","1","https://www.facebook.com/BimoAlgerie/posts/pfbid0aDDTZ8Ra7qVSU7t3ETDLcQLUxjXCXUawp8vkYBEPQJZtY9ZqfMuDYPxgTXrjKd6Yl"
"بزاف حاجات تختلفوا فيها، واليوم رانا جبنالكم اللّيسة وكل واحد يقولنا كيفاش يحب يبنّج منتوجو المفضل🤗 صفرا، حمرا، سودا، بالحليب.... الخ المهم الهدرة فالتعليقات👇😁

 #بيمو #bimo #groupebimo #groupe_bimo #مجمع_بيمو #bimoalgerie #ThisOrThat",,,"1","https://www.facebook.com/BimoAlgerie/posts/pfbid0aDDTZ8Ra7qVSU7t3ETDLcQLUxjXCXUawp8vkYBEPQJZtY9ZqfMuDYPxgTXrjKd6Yl"
